file_path,test_id,issue_severity,issue_confidence,col_offset,end_col_offset,line_range,commit,commit_number,fix_commit,fix_commit_number
torch/_inductor/pattern_matcher.py,B101,LOW,HIGH,16,48,1,a50af71fb657d93c34545c55ce0318e185b65a7e,59,80d3afc6985e1d27e374ce7d39d062b59f028e25,62
test/test_linalg.py,B101,LOW,HIGH,16,84,1,3e2d9d079e49d3dda6069cddd8dcb0d2e5cb5b48,46,9605c5063b28a8e986990031d58e9809a76d597d,70
torch/_inductor/codecache.py,B603,LOW,HIGH,12,38,1,0b52d801d2297ad6c38e631eedfd4dead9360e1b,77,22fae0d948ac14c72b510fafc2283072d744dff9,78
benchmarks/dynamo/cachebench.py,B603,LOW,HIGH,12,65,1,ab3b814af39dff88d28c9c979e7e235843aaf54b,97,60d4cbfc06232647a837221591987ef44be19b5b,98
torch/_inductor/codecache.py,B603,LOW,HIGH,12,38,1,2680e835c87be0e38c713deda900afa68774649c,110,7ed0670e2193ae70170c09617f6da4c0f37ce829,111
torch/_inductor/codecache.py,B103,MEDIUM,HIGH,20,46,1,7ed0670e2193ae70170c09617f6da4c0f37ce829,111,0b9da1ae0ad30ef228f132354b875bcaec214ace,113
test/inductor/test_cutlass_backend.py,B605,HIGH,HIGH,22,46,1,4b7604ec101807306a347878438e598fea014253,96,0633f63f0d7d2ab92611a2a523abefae8fa1797e,143
test/inductor/test_cutlass_backend.py,B101,LOW,HIGH,12,46,1,4b7604ec101807306a347878438e598fea014253,96,0633f63f0d7d2ab92611a2a523abefae8fa1797e,143
test/test_matmul_cuda.py,B101,LOW,HIGH,12,37,1,1e894d26352160204c8980e3cf29a091fa4a3cd4,140,c82c1411c61b645426f7680f7803d84352729142,144
test/inductor/test_compiled_autograd.py,B614,MEDIUM,HIGH,24,40,1,68ddca94498fd7961cc5ebcb0dffafb8c2f4baca,131,90e3a3d86d6139a7b00bdf56bdfe0f63ad18e980,150
test/inductor/test_compiled_autograd.py,B101,LOW,HIGH,4,59,1,68ddca94498fd7961cc5ebcb0dffafb8c2f4baca,131,90e3a3d86d6139a7b00bdf56bdfe0f63ad18e980,150
torch/_inductor/cpp_builder.py,B103,MEDIUM,HIGH,24,52,1,0b9da1ae0ad30ef228f132354b875bcaec214ace,113,acca9b9cb0a38b2eb1bfd5fe0aaff3760dd77812,163
test/test_matmul_cuda.py,B101,LOW,HIGH,12,37,1,12b9674cb603438639298d6c9757ea93e18a7289,162,a84db75e1ba72dcda52c7c5e432a253220d70fa7,166
test/test_transformers.py,B101,LOW,HIGH,8,116,1,fa8e3a28a7bab47742d7f791a24eeb87b04469ca,39,7ffae2c028abf7fed547fd2b8bc3da83f3dc0c49,170
test/test_transformers.py,B614,MEDIUM,HIGH,21,9,9,fa8e3a28a7bab47742d7f791a24eeb87b04469ca,39,7ffae2c028abf7fed547fd2b8bc3da83f3dc0c49,170
test/inductor/test_compiled_autograd.py,B101,LOW,HIGH,4,47,1,90e3a3d86d6139a7b00bdf56bdfe0f63ad18e980,150,0a2da008f8221b79b34a3a9d2190578f76fbf1ed,176
torch/_dynamo/output_graph.py,B101,LOW,HIGH,24,68,1,cf6d1e68244c8376e72e536dba0acae913a038bd,169,f46f0e465c84c7a50192162d176d8a669445142f,194
torch/_dynamo/variables/builder.py,B101,LOW,HIGH,12,76,1,08f4c1a2332921e57c782c80a66b2adc9cdc0575,175,915eb012e1d6df98e7db6907fa51ed1ab14b7332,209
torch/_inductor/cpp_builder.py,B101,LOW,HIGH,16,82,1,acca9b9cb0a38b2eb1bfd5fe0aaff3760dd77812,163,f104ef1248237e93432dfbe1002a7b92c69435a7,212
torch/_inductor/codecache.py,B103,MEDIUM,HIGH,20,46,1,acca9b9cb0a38b2eb1bfd5fe0aaff3760dd77812,163,f104ef1248237e93432dfbe1002a7b92c69435a7,212
test/inductor/test_cudagraph_trees.py,B101,LOW,HIGH,24,45,1,ad0c879e2203145f6d56df0b95af36822220ab8f,216,17358ce77883b5d3666bb3fa20df8635d3d271f1,221
torch/_functorch/_aot_autograd/jit_compile_runtime_wrappers.py,B101,LOW,HIGH,16,40,1,ad0c879e2203145f6d56df0b95af36822220ab8f,216,17358ce77883b5d3666bb3fa20df8635d3d271f1,221
torch/_functorch/_aot_autograd/runtime_wrappers.py,B101,LOW,HIGH,24,76,1,ad0c879e2203145f6d56df0b95af36822220ab8f,216,17358ce77883b5d3666bb3fa20df8635d3d271f1,221
torch/_functorch/_aot_autograd/runtime_wrappers.py,B101,LOW,HIGH,24,56,1,ad0c879e2203145f6d56df0b95af36822220ab8f,216,17358ce77883b5d3666bb3fa20df8635d3d271f1,221
torch/_functorch/partitioners.py,B101,LOW,HIGH,4,33,1,ad0c879e2203145f6d56df0b95af36822220ab8f,216,17358ce77883b5d3666bb3fa20df8635d3d271f1,221
torch/_inductor/cudagraph_trees.py,B101,LOW,HIGH,20,66,1,ad0c879e2203145f6d56df0b95af36822220ab8f,216,17358ce77883b5d3666bb3fa20df8635d3d271f1,221
torch/_inductor/ir.py,B101,LOW,HIGH,16,75,1,ad0c879e2203145f6d56df0b95af36822220ab8f,216,17358ce77883b5d3666bb3fa20df8635d3d271f1,221
torch/_prims/rng_prims.py,B101,LOW,HIGH,8,76,3,ad0c879e2203145f6d56df0b95af36822220ab8f,216,17358ce77883b5d3666bb3fa20df8635d3d271f1,221
benchmarks/dynamo/cachebench.py,B101,LOW,HIGH,4,56,3,bb7e8fbd668c7c8931436b4a935b26911cbe0daf,101,c73a92fbf5b8c44cac834358804dfa752f776939,243
torch/serialization.py,B101,LOW,HIGH,8,91,3,52f6d4aa3094c9d7a0ea28a04350d18d4ed644b1,71,c73a92fbf5b8c44cac834358804dfa752f776939,243
benchmarks/dynamo/common.py,B101,LOW,HIGH,12,67,3,edaf9ddeb5bddc1e2582886397d6316262bcd861,174,c73a92fbf5b8c44cac834358804dfa752f776939,243
benchmarks/dynamo/common.py,B101,LOW,HIGH,8,46,3,edaf9ddeb5bddc1e2582886397d6316262bcd861,174,c73a92fbf5b8c44cac834358804dfa752f776939,243
benchmarks/dynamo/common.py,B101,LOW,HIGH,12,66,3,edaf9ddeb5bddc1e2582886397d6316262bcd861,174,c73a92fbf5b8c44cac834358804dfa752f776939,243
benchmarks/dynamo/common.py,B101,LOW,HIGH,4,74,3,edaf9ddeb5bddc1e2582886397d6316262bcd861,174,c73a92fbf5b8c44cac834358804dfa752f776939,243
test/onnx/torchlib/ops_test_common.py,B101,LOW,HIGH,8,93,3,086d146f6ffcac9c985126428ce86c4672eff9b6,33,c73a92fbf5b8c44cac834358804dfa752f776939,243
test/test_foreach.py,B101,LOW,HIGH,12,97,3,086d146f6ffcac9c985126428ce86c4672eff9b6,33,c73a92fbf5b8c44cac834358804dfa752f776939,243
torch/_ops.py,B101,LOW,HIGH,12,79,3,086d146f6ffcac9c985126428ce86c4672eff9b6,33,c73a92fbf5b8c44cac834358804dfa752f776939,243
torch/_ops.py,B101,LOW,HIGH,16,89,3,086d146f6ffcac9c985126428ce86c4672eff9b6,33,c73a92fbf5b8c44cac834358804dfa752f776939,243
torch/_ops.py,B101,LOW,HIGH,16,94,3,086d146f6ffcac9c985126428ce86c4672eff9b6,33,c73a92fbf5b8c44cac834358804dfa752f776939,243
torch/_ops.py,B101,LOW,HIGH,16,68,3,086d146f6ffcac9c985126428ce86c4672eff9b6,33,c73a92fbf5b8c44cac834358804dfa752f776939,243
test/test_nestedtensor.py,B101,LOW,HIGH,12,95,3,9a1f720a72dbfb93673fde94152171b10ef6c1ad,240,c73a92fbf5b8c44cac834358804dfa752f776939,243
test/run_test.py,B101,LOW,HIGH,4,80,3,7ffae2c028abf7fed547fd2b8bc3da83f3dc0c49,170,c73a92fbf5b8c44cac834358804dfa752f776939,243
test/run_test.py,B101,LOW,HIGH,8,81,3,7ffae2c028abf7fed547fd2b8bc3da83f3dc0c49,170,c73a92fbf5b8c44cac834358804dfa752f776939,243
test/run_test.py,B101,LOW,HIGH,8,80,3,7ffae2c028abf7fed547fd2b8bc3da83f3dc0c49,170,c73a92fbf5b8c44cac834358804dfa752f776939,243
tools/autograd/gen_python_functions.py,B101,LOW,HIGH,8,112,1,754fb834db249b9b90d45a077591d309871c2a76,72,c73a92fbf5b8c44cac834358804dfa752f776939,243
tools/autograd/gen_python_functions.py,B101,LOW,HIGH,12,66,3,754fb834db249b9b90d45a077591d309871c2a76,72,c73a92fbf5b8c44cac834358804dfa752f776939,243
tools/autograd/gen_variable_type.py,B101,LOW,HIGH,16,78,3,754fb834db249b9b90d45a077591d309871c2a76,72,c73a92fbf5b8c44cac834358804dfa752f776939,243
tools/autograd/gen_variable_type.py,B101,LOW,HIGH,16,84,3,754fb834db249b9b90d45a077591d309871c2a76,72,c73a92fbf5b8c44cac834358804dfa752f776939,243
tools/autograd/gen_variable_type.py,B101,LOW,HIGH,24,110,3,754fb834db249b9b90d45a077591d309871c2a76,72,c73a92fbf5b8c44cac834358804dfa752f776939,243
tools/autograd/gen_variable_type.py,B101,LOW,HIGH,12,94,4,754fb834db249b9b90d45a077591d309871c2a76,72,c73a92fbf5b8c44cac834358804dfa752f776939,243
torch/_jit_internal.py,B101,LOW,HIGH,12,76,3,754fb834db249b9b90d45a077591d309871c2a76,72,c73a92fbf5b8c44cac834358804dfa752f776939,243
torch/onnx/symbolic_helper.py,B101,LOW,HIGH,12,67,3,754fb834db249b9b90d45a077591d309871c2a76,72,c73a92fbf5b8c44cac834358804dfa752f776939,243
torchgen/api/types/signatures.py,B101,LOW,HIGH,8,130,1,754fb834db249b9b90d45a077591d309871c2a76,72,c73a92fbf5b8c44cac834358804dfa752f776939,243
torchgen/dest/lazy_ir.py,B101,LOW,HIGH,12,60,3,754fb834db249b9b90d45a077591d309871c2a76,72,c73a92fbf5b8c44cac834358804dfa752f776939,243
torchgen/dest/lazy_ir.py,B101,LOW,HIGH,12,68,3,754fb834db249b9b90d45a077591d309871c2a76,72,c73a92fbf5b8c44cac834358804dfa752f776939,243
torchgen/dest/lazy_ir.py,B101,LOW,HIGH,8,55,3,754fb834db249b9b90d45a077591d309871c2a76,72,c73a92fbf5b8c44cac834358804dfa752f776939,243
torchgen/dest/ufunc.py,B101,LOW,HIGH,16,69,3,754fb834db249b9b90d45a077591d309871c2a76,72,c73a92fbf5b8c44cac834358804dfa752f776939,243
torchgen/gen.py,B101,LOW,HIGH,12,121,3,754fb834db249b9b90d45a077591d309871c2a76,72,c73a92fbf5b8c44cac834358804dfa752f776939,243
torchgen/gen.py,B101,LOW,HIGH,12,74,3,754fb834db249b9b90d45a077591d309871c2a76,72,c73a92fbf5b8c44cac834358804dfa752f776939,243
torchgen/gen_backend_stubs.py,B101,LOW,HIGH,4,90,3,754fb834db249b9b90d45a077591d309871c2a76,72,c73a92fbf5b8c44cac834358804dfa752f776939,243
torchgen/gen_backend_stubs.py,B101,LOW,HIGH,4,102,3,754fb834db249b9b90d45a077591d309871c2a76,72,c73a92fbf5b8c44cac834358804dfa752f776939,243
torchgen/gen_backend_stubs.py,B101,LOW,HIGH,4,93,3,754fb834db249b9b90d45a077591d309871c2a76,72,c73a92fbf5b8c44cac834358804dfa752f776939,243
torchgen/gen_backend_stubs.py,B101,LOW,HIGH,4,94,3,754fb834db249b9b90d45a077591d309871c2a76,72,c73a92fbf5b8c44cac834358804dfa752f776939,243
torchgen/gen_backend_stubs.py,B101,LOW,HIGH,4,73,3,754fb834db249b9b90d45a077591d309871c2a76,72,c73a92fbf5b8c44cac834358804dfa752f776939,243
torchgen/gen_backend_stubs.py,B101,LOW,HIGH,8,118,5,754fb834db249b9b90d45a077591d309871c2a76,72,c73a92fbf5b8c44cac834358804dfa752f776939,243
torchgen/gen_backend_stubs.py,B101,LOW,HIGH,12,59,3,754fb834db249b9b90d45a077591d309871c2a76,72,c73a92fbf5b8c44cac834358804dfa752f776939,243
torchgen/gen_executorch.py,B101,LOW,HIGH,12,100,3,754fb834db249b9b90d45a077591d309871c2a76,72,c73a92fbf5b8c44cac834358804dfa752f776939,243
torchgen/model.py,B101,LOW,HIGH,8,51,3,754fb834db249b9b90d45a077591d309871c2a76,72,c73a92fbf5b8c44cac834358804dfa752f776939,243
torchgen/model.py,B101,LOW,HIGH,16,79,3,754fb834db249b9b90d45a077591d309871c2a76,72,c73a92fbf5b8c44cac834358804dfa752f776939,243
torchgen/model.py,B101,LOW,HIGH,16,98,10,754fb834db249b9b90d45a077591d309871c2a76,72,c73a92fbf5b8c44cac834358804dfa752f776939,243
torchgen/model.py,B101,LOW,HIGH,8,111,3,754fb834db249b9b90d45a077591d309871c2a76,72,c73a92fbf5b8c44cac834358804dfa752f776939,243
torchgen/model.py,B101,LOW,HIGH,12,78,3,754fb834db249b9b90d45a077591d309871c2a76,72,c73a92fbf5b8c44cac834358804dfa752f776939,243
torchgen/model.py,B101,LOW,HIGH,16,71,3,754fb834db249b9b90d45a077591d309871c2a76,72,c73a92fbf5b8c44cac834358804dfa752f776939,243
torchgen/model.py,B101,LOW,HIGH,12,69,3,754fb834db249b9b90d45a077591d309871c2a76,72,c73a92fbf5b8c44cac834358804dfa752f776939,243
torchgen/model.py,B101,LOW,HIGH,8,92,3,754fb834db249b9b90d45a077591d309871c2a76,72,c73a92fbf5b8c44cac834358804dfa752f776939,243
torchgen/model.py,B101,LOW,HIGH,8,41,3,754fb834db249b9b90d45a077591d309871c2a76,72,c73a92fbf5b8c44cac834358804dfa752f776939,243
torchgen/model.py,B101,LOW,HIGH,8,54,3,754fb834db249b9b90d45a077591d309871c2a76,72,c73a92fbf5b8c44cac834358804dfa752f776939,243
torchgen/model.py,B101,LOW,HIGH,16,67,3,754fb834db249b9b90d45a077591d309871c2a76,72,c73a92fbf5b8c44cac834358804dfa752f776939,243
torchgen/model.py,B101,LOW,HIGH,12,87,3,754fb834db249b9b90d45a077591d309871c2a76,72,c73a92fbf5b8c44cac834358804dfa752f776939,243
torchgen/model.py,B101,LOW,HIGH,8,44,3,754fb834db249b9b90d45a077591d309871c2a76,72,c73a92fbf5b8c44cac834358804dfa752f776939,243
torchgen/model.py,B101,LOW,HIGH,8,114,3,754fb834db249b9b90d45a077591d309871c2a76,72,c73a92fbf5b8c44cac834358804dfa752f776939,243
torchgen/model.py,B101,LOW,HIGH,16,86,3,754fb834db249b9b90d45a077591d309871c2a76,72,c73a92fbf5b8c44cac834358804dfa752f776939,243
torchgen/model.py,B101,LOW,HIGH,8,76,3,754fb834db249b9b90d45a077591d309871c2a76,72,c73a92fbf5b8c44cac834358804dfa752f776939,243
torchgen/model.py,B101,LOW,HIGH,12,123,3,754fb834db249b9b90d45a077591d309871c2a76,72,c73a92fbf5b8c44cac834358804dfa752f776939,243
torchgen/model.py,B101,LOW,HIGH,8,40,3,754fb834db249b9b90d45a077591d309871c2a76,72,c73a92fbf5b8c44cac834358804dfa752f776939,243
torchgen/model.py,B101,LOW,HIGH,12,143,1,754fb834db249b9b90d45a077591d309871c2a76,72,c73a92fbf5b8c44cac834358804dfa752f776939,243
torchgen/model.py,B101,LOW,HIGH,8,46,3,754fb834db249b9b90d45a077591d309871c2a76,72,c73a92fbf5b8c44cac834358804dfa752f776939,243
torchgen/model.py,B101,LOW,HIGH,8,72,3,754fb834db249b9b90d45a077591d309871c2a76,72,c73a92fbf5b8c44cac834358804dfa752f776939,243
torchgen/model.py,B101,LOW,HIGH,12,75,3,754fb834db249b9b90d45a077591d309871c2a76,72,c73a92fbf5b8c44cac834358804dfa752f776939,243
torchgen/model.py,B101,LOW,HIGH,16,68,3,754fb834db249b9b90d45a077591d309871c2a76,72,c73a92fbf5b8c44cac834358804dfa752f776939,243
torchgen/model.py,B101,LOW,HIGH,16,72,3,754fb834db249b9b90d45a077591d309871c2a76,72,c73a92fbf5b8c44cac834358804dfa752f776939,243
torch/_meta_registrations.py,B101,LOW,HIGH,4,92,9,3ecfe6be256c585bcadf4c845d7119545444a222,147,c73a92fbf5b8c44cac834358804dfa752f776939,243
torch/_meta_registrations.py,B101,LOW,HIGH,4,114,3,3ecfe6be256c585bcadf4c845d7119545444a222,147,c73a92fbf5b8c44cac834358804dfa752f776939,243
torch/_meta_registrations.py,B101,LOW,HIGH,8,76,3,3ecfe6be256c585bcadf4c845d7119545444a222,147,c73a92fbf5b8c44cac834358804dfa752f776939,243
torch/_meta_registrations.py,B101,LOW,HIGH,8,135,3,3ecfe6be256c585bcadf4c845d7119545444a222,147,c73a92fbf5b8c44cac834358804dfa752f776939,243
torch/_meta_registrations.py,B101,LOW,HIGH,4,100,3,3ecfe6be256c585bcadf4c845d7119545444a222,147,c73a92fbf5b8c44cac834358804dfa752f776939,243
torch/_meta_registrations.py,B101,LOW,HIGH,4,78,3,3ecfe6be256c585bcadf4c845d7119545444a222,147,c73a92fbf5b8c44cac834358804dfa752f776939,243
torch/_meta_registrations.py,B101,LOW,HIGH,4,69,3,3ecfe6be256c585bcadf4c845d7119545444a222,147,c73a92fbf5b8c44cac834358804dfa752f776939,243
torch/_meta_registrations.py,B101,LOW,HIGH,8,105,10,3ecfe6be256c585bcadf4c845d7119545444a222,147,c73a92fbf5b8c44cac834358804dfa752f776939,243
torch/_meta_registrations.py,B101,LOW,HIGH,8,70,3,3ecfe6be256c585bcadf4c845d7119545444a222,147,c73a92fbf5b8c44cac834358804dfa752f776939,243
torch/_meta_registrations.py,B101,LOW,HIGH,8,59,3,3ecfe6be256c585bcadf4c845d7119545444a222,147,c73a92fbf5b8c44cac834358804dfa752f776939,243
torch/_meta_registrations.py,B101,LOW,HIGH,4,68,3,3ecfe6be256c585bcadf4c845d7119545444a222,147,c73a92fbf5b8c44cac834358804dfa752f776939,243
torchgen/utils.py,B101,LOW,HIGH,8,110,3,580f1183b4deb047e47887dca94b60f6f60ed4da,120,c73a92fbf5b8c44cac834358804dfa752f776939,243
torchgen/utils.py,B101,LOW,HIGH,20,64,3,580f1183b4deb047e47887dca94b60f6f60ed4da,120,c73a92fbf5b8c44cac834358804dfa752f776939,243
torch/_inductor/cudagraph_trees.py,B101,LOW,HIGH,20,47,1,17358ce77883b5d3666bb3fa20df8635d3d271f1,221,481a57bc37ffb90a670e63a7bdbfb68314190943,257
torch/_dynamo/variables/higher_order_ops.py,B101,LOW,HIGH,4,53,3,7c71ab1d40992ea2660bb124152e95b7a9a5119d,199,3ce352e389a5d6b69134360252f79d6b3d768eec,261
torch/_dynamo/variables/higher_order_ops.py,B101,LOW,HIGH,16,73,3,7c71ab1d40992ea2660bb124152e95b7a9a5119d,199,3ce352e389a5d6b69134360252f79d6b3d768eec,261
torch/_dynamo/variables/higher_order_ops.py,B101,LOW,HIGH,16,55,3,7c71ab1d40992ea2660bb124152e95b7a9a5119d,199,3ce352e389a5d6b69134360252f79d6b3d768eec,261
torch/_dynamo/variables/higher_order_ops.py,B101,LOW,HIGH,24,101,3,7c71ab1d40992ea2660bb124152e95b7a9a5119d,199,3ce352e389a5d6b69134360252f79d6b3d768eec,261
torch/_dynamo/variables/functions.py,B101,LOW,HIGH,8,60,3,73e963459e11932d179c54f12f1acbb495972507,196,3ce352e389a5d6b69134360252f79d6b3d768eec,261
torch/_dynamo/variables/user_defined.py,B101,LOW,HIGH,8,80,3,f46f0e465c84c7a50192162d176d8a669445142f,194,3ce352e389a5d6b69134360252f79d6b3d768eec,261
torch/_dynamo/variables/user_defined.py,B101,LOW,HIGH,12,81,3,f46f0e465c84c7a50192162d176d8a669445142f,194,3ce352e389a5d6b69134360252f79d6b3d768eec,261
torch/_dynamo/utils.py,B101,LOW,HIGH,8,51,3,c5bf9aaf1cc652a8331e4b0e12375c703c0548bc,233,3ce352e389a5d6b69134360252f79d6b3d768eec,261
torch/_dynamo/utils.py,B101,LOW,HIGH,8,66,3,c5bf9aaf1cc652a8331e4b0e12375c703c0548bc,233,3ce352e389a5d6b69134360252f79d6b3d768eec,261
torch/_dynamo/utils.py,B101,LOW,HIGH,4,58,3,c5bf9aaf1cc652a8331e4b0e12375c703c0548bc,233,3ce352e389a5d6b69134360252f79d6b3d768eec,261
torch/_dynamo/utils.py,B101,LOW,HIGH,8,65,3,c5bf9aaf1cc652a8331e4b0e12375c703c0548bc,233,3ce352e389a5d6b69134360252f79d6b3d768eec,261
torch/_dynamo/utils.py,B101,LOW,HIGH,8,67,3,c5bf9aaf1cc652a8331e4b0e12375c703c0548bc,233,3ce352e389a5d6b69134360252f79d6b3d768eec,261
torch/_decomp/decompositions.py,B101,LOW,HIGH,4,80,3,c644f4c5febf71927ff5feb57b6631dfdfb49c6c,86,3ce352e389a5d6b69134360252f79d6b3d768eec,261
torch/_decomp/decompositions.py,B101,LOW,HIGH,4,137,3,c644f4c5febf71927ff5feb57b6631dfdfb49c6c,86,3ce352e389a5d6b69134360252f79d6b3d768eec,261
torch/_decomp/decompositions.py,B101,LOW,HIGH,4,73,3,c644f4c5febf71927ff5feb57b6631dfdfb49c6c,86,3ce352e389a5d6b69134360252f79d6b3d768eec,261
torch/_decomp/decompositions.py,B101,LOW,HIGH,8,88,3,c644f4c5febf71927ff5feb57b6631dfdfb49c6c,86,3ce352e389a5d6b69134360252f79d6b3d768eec,261
torch/_decomp/decompositions.py,B101,LOW,HIGH,4,68,3,c644f4c5febf71927ff5feb57b6631dfdfb49c6c,86,3ce352e389a5d6b69134360252f79d6b3d768eec,261
torch/_decomp/decompositions.py,B101,LOW,HIGH,4,105,3,c644f4c5febf71927ff5feb57b6631dfdfb49c6c,86,3ce352e389a5d6b69134360252f79d6b3d768eec,261
torch/_decomp/decompositions.py,B101,LOW,HIGH,4,109,3,c644f4c5febf71927ff5feb57b6631dfdfb49c6c,86,3ce352e389a5d6b69134360252f79d6b3d768eec,261
torch/_decomp/decompositions.py,B101,LOW,HIGH,4,69,3,c644f4c5febf71927ff5feb57b6631dfdfb49c6c,86,3ce352e389a5d6b69134360252f79d6b3d768eec,261
torch/_dynamo/compiled_autograd.py,B101,LOW,HIGH,12,73,3,0a2da008f8221b79b34a3a9d2190578f76fbf1ed,176,3ce352e389a5d6b69134360252f79d6b3d768eec,261
torch/_dynamo/comptime.py,B101,LOW,HIGH,8,88,3,3fd68e4e2f5df96b942e77b58e5d2a74814530df,168,3ce352e389a5d6b69134360252f79d6b3d768eec,261
torch/_dynamo/convert_frame.py,B101,LOW,HIGH,16,101,3,c5bf9aaf1cc652a8331e4b0e12375c703c0548bc,233,3ce352e389a5d6b69134360252f79d6b3d768eec,261
torch/_dynamo/convert_frame.py,B101,LOW,HIGH,16,102,3,c5bf9aaf1cc652a8331e4b0e12375c703c0548bc,233,3ce352e389a5d6b69134360252f79d6b3d768eec,261
torch/_dynamo/convert_frame.py,B101,LOW,HIGH,8,72,3,c5bf9aaf1cc652a8331e4b0e12375c703c0548bc,233,3ce352e389a5d6b69134360252f79d6b3d768eec,261
torch/_dynamo/convert_frame.py,B101,LOW,HIGH,20,99,3,c5bf9aaf1cc652a8331e4b0e12375c703c0548bc,233,3ce352e389a5d6b69134360252f79d6b3d768eec,261
torch/_dynamo/guards.py,B101,LOW,HIGH,8,97,3,cf6d1e68244c8376e72e536dba0acae913a038bd,169,3ce352e389a5d6b69134360252f79d6b3d768eec,261
torch/_dynamo/output_graph.py,B101,LOW,HIGH,12,76,3,7e0ef2c84494d10efeb9ce89b0c2a9ac1574253a,195,3ce352e389a5d6b69134360252f79d6b3d768eec,261
torch/_dynamo/output_graph.py,B101,LOW,HIGH,8,54,3,7e0ef2c84494d10efeb9ce89b0c2a9ac1574253a,195,3ce352e389a5d6b69134360252f79d6b3d768eec,261
torch/_dynamo/output_graph.py,B101,LOW,HIGH,12,119,3,7e0ef2c84494d10efeb9ce89b0c2a9ac1574253a,195,3ce352e389a5d6b69134360252f79d6b3d768eec,261
torch/_dynamo/output_graph.py,B101,LOW,HIGH,8,86,3,7e0ef2c84494d10efeb9ce89b0c2a9ac1574253a,195,3ce352e389a5d6b69134360252f79d6b3d768eec,261
torch/_dynamo/output_graph.py,B101,LOW,HIGH,16,71,3,7e0ef2c84494d10efeb9ce89b0c2a9ac1574253a,195,3ce352e389a5d6b69134360252f79d6b3d768eec,261
torch/_dynamo/symbolic_convert.py,B101,LOW,HIGH,12,72,3,cf6d1e68244c8376e72e536dba0acae913a038bd,169,3ce352e389a5d6b69134360252f79d6b3d768eec,261
torch/_dynamo/symbolic_convert.py,B101,LOW,HIGH,8,62,3,cf6d1e68244c8376e72e536dba0acae913a038bd,169,3ce352e389a5d6b69134360252f79d6b3d768eec,261
torch/_dynamo/symbolic_convert.py,B101,LOW,HIGH,16,73,3,cf6d1e68244c8376e72e536dba0acae913a038bd,169,3ce352e389a5d6b69134360252f79d6b3d768eec,261
torch/_dynamo/variables/builder.py,B101,LOW,HIGH,8,75,3,0edb2da4a43886fa3f2b95c4b7b7ffdd7f6c4f43,259,3ce352e389a5d6b69134360252f79d6b3d768eec,261
torch/_dynamo/variables/builder.py,B101,LOW,HIGH,8,48,3,0edb2da4a43886fa3f2b95c4b7b7ffdd7f6c4f43,259,3ce352e389a5d6b69134360252f79d6b3d768eec,261
torch/_dynamo/variables/builder.py,B101,LOW,HIGH,12,51,3,0edb2da4a43886fa3f2b95c4b7b7ffdd7f6c4f43,259,3ce352e389a5d6b69134360252f79d6b3d768eec,261
torch/_dynamo/variables/builder.py,B101,LOW,HIGH,12,130,3,0edb2da4a43886fa3f2b95c4b7b7ffdd7f6c4f43,259,3ce352e389a5d6b69134360252f79d6b3d768eec,261
torch/_dynamo/variables/builder.py,B101,LOW,HIGH,4,73,3,0edb2da4a43886fa3f2b95c4b7b7ffdd7f6c4f43,259,3ce352e389a5d6b69134360252f79d6b3d768eec,261
torch/_dynamo/variables/builder.py,B101,LOW,HIGH,8,95,3,0edb2da4a43886fa3f2b95c4b7b7ffdd7f6c4f43,259,3ce352e389a5d6b69134360252f79d6b3d768eec,261
torch/_dynamo/variables/torch.py,B101,LOW,HIGH,12,67,3,eb08ada5d318c67fa375b62488476da2eac16977,197,3ce352e389a5d6b69134360252f79d6b3d768eec,261
torch/distributed/pipelining/stage.py,B101,LOW,HIGH,8,68,3,5d26b7108f4dd704921b5abeb07d3446a8ab9044,25,995df34b19387f672fc49ba4197e56c11ad52f7f,273
torch/distributed/pipelining/stage.py,B101,LOW,HIGH,8,70,3,5d26b7108f4dd704921b5abeb07d3446a8ab9044,25,995df34b19387f672fc49ba4197e56c11ad52f7f,273
torch/distributed/pipelining/stage.py,B101,LOW,HIGH,12,87,3,5d26b7108f4dd704921b5abeb07d3446a8ab9044,25,995df34b19387f672fc49ba4197e56c11ad52f7f,273
torch/distributed/pipelining/stage.py,B101,LOW,HIGH,8,74,3,5d26b7108f4dd704921b5abeb07d3446a8ab9044,25,995df34b19387f672fc49ba4197e56c11ad52f7f,273
torch/distributed/pipelining/stage.py,B101,LOW,HIGH,12,89,3,5d26b7108f4dd704921b5abeb07d3446a8ab9044,25,995df34b19387f672fc49ba4197e56c11ad52f7f,273
torch/distributed/pipelining/stage.py,B101,LOW,HIGH,8,76,3,5d26b7108f4dd704921b5abeb07d3446a8ab9044,25,995df34b19387f672fc49ba4197e56c11ad52f7f,273
torch/distributed/pipelining/stage.py,B101,LOW,HIGH,12,58,3,5d26b7108f4dd704921b5abeb07d3446a8ab9044,25,995df34b19387f672fc49ba4197e56c11ad52f7f,273
torch/distributed/pipelining/stage.py,B101,LOW,HIGH,12,56,3,5d26b7108f4dd704921b5abeb07d3446a8ab9044,25,995df34b19387f672fc49ba4197e56c11ad52f7f,273
torch/distributed/pipelining/stage.py,B101,LOW,HIGH,12,79,3,5d26b7108f4dd704921b5abeb07d3446a8ab9044,25,995df34b19387f672fc49ba4197e56c11ad52f7f,273
torch/distributed/pipelining/stage.py,B101,LOW,HIGH,12,112,3,5d26b7108f4dd704921b5abeb07d3446a8ab9044,25,995df34b19387f672fc49ba4197e56c11ad52f7f,273
torch/distributed/pipelining/stage.py,B101,LOW,HIGH,8,64,3,5d26b7108f4dd704921b5abeb07d3446a8ab9044,25,995df34b19387f672fc49ba4197e56c11ad52f7f,273
torch/distributed/distributed_c10d.py,B101,LOW,HIGH,16,93,3,580f1183b4deb047e47887dca94b60f6f60ed4da,120,995df34b19387f672fc49ba4197e56c11ad52f7f,273
torch/distributed/distributed_c10d.py,B101,LOW,HIGH,8,72,3,580f1183b4deb047e47887dca94b60f6f60ed4da,120,995df34b19387f672fc49ba4197e56c11ad52f7f,273
torch/distributed/distributed_c10d.py,B101,LOW,HIGH,4,51,3,580f1183b4deb047e47887dca94b60f6f60ed4da,120,995df34b19387f672fc49ba4197e56c11ad52f7f,273
torch/distributed/distributed_c10d.py,B101,LOW,HIGH,8,80,3,580f1183b4deb047e47887dca94b60f6f60ed4da,120,995df34b19387f672fc49ba4197e56c11ad52f7f,273
torch/distributed/distributed_c10d.py,B101,LOW,HIGH,8,71,3,580f1183b4deb047e47887dca94b60f6f60ed4da,120,995df34b19387f672fc49ba4197e56c11ad52f7f,273
torch/distributed/distributed_c10d.py,B101,LOW,HIGH,4,63,3,580f1183b4deb047e47887dca94b60f6f60ed4da,120,995df34b19387f672fc49ba4197e56c11ad52f7f,273
torch/distributed/distributed_c10d.py,B101,LOW,HIGH,4,76,3,580f1183b4deb047e47887dca94b60f6f60ed4da,120,995df34b19387f672fc49ba4197e56c11ad52f7f,273
torch/distributed/distributed_c10d.py,B101,LOW,HIGH,12,59,3,580f1183b4deb047e47887dca94b60f6f60ed4da,120,995df34b19387f672fc49ba4197e56c11ad52f7f,273
torch/distributed/distributed_c10d.py,B101,LOW,HIGH,12,65,3,580f1183b4deb047e47887dca94b60f6f60ed4da,120,995df34b19387f672fc49ba4197e56c11ad52f7f,273
torch/distributed/checkpoint/default_planner.py,B101,LOW,HIGH,16,19,6,6eb3d1e762789bfc88cea941bd9763af1044698b,136,995df34b19387f672fc49ba4197e56c11ad52f7f,273
torch/distributed/tensor/_api.py,B101,LOW,HIGH,8,82,3,ef61c290e110a56d4d9a2f0eec3811fde656d600,182,995df34b19387f672fc49ba4197e56c11ad52f7f,273
torch/distributed/tensor/_api.py,B101,LOW,HIGH,4,63,3,ef61c290e110a56d4d9a2f0eec3811fde656d600,182,995df34b19387f672fc49ba4197e56c11ad52f7f,273
torch/distributed/tensor/_dispatch.py,B101,LOW,HIGH,12,90,3,ef61c290e110a56d4d9a2f0eec3811fde656d600,182,995df34b19387f672fc49ba4197e56c11ad52f7f,273
torch/distributed/tensor/_dispatch.py,B101,LOW,HIGH,16,95,3,ef61c290e110a56d4d9a2f0eec3811fde656d600,182,995df34b19387f672fc49ba4197e56c11ad52f7f,273
torch/distributed/checkpoint/filesystem.py,B101,LOW,HIGH,24,110,3,c622796cde9ecd045a0d2bfc383b4ee7a66efd1a,226,995df34b19387f672fc49ba4197e56c11ad52f7f,273
torch/distributed/nn/jit/instantiator.py,B101,LOW,HIGH,4,80,3,9b7130b8db62e9e550366419fa33c0f530d80beb,265,995df34b19387f672fc49ba4197e56c11ad52f7f,273
torch/distributed/nn/jit/instantiator.py,B101,LOW,HIGH,4,97,3,9b7130b8db62e9e550366419fa33c0f530d80beb,265,995df34b19387f672fc49ba4197e56c11ad52f7f,273
torch/_inductor/codegen/cpp_wrapper_gpu.py,B101,LOW,HIGH,12,77,3,4e160d5fd9cbdf99710009d8d5c88a655f3339b9,272,1cb4e2df659059ac85cfe6f64a2363a12ae1071a,278
torch/_inductor/codegen/cpp_wrapper_gpu.py,B101,LOW,HIGH,16,60,3,4e160d5fd9cbdf99710009d8d5c88a655f3339b9,272,1cb4e2df659059ac85cfe6f64a2363a12ae1071a,278
torch/_inductor/codegen/cpp_wrapper_gpu.py,B101,LOW,HIGH,8,66,3,4e160d5fd9cbdf99710009d8d5c88a655f3339b9,272,1cb4e2df659059ac85cfe6f64a2363a12ae1071a,278
torch/_inductor/codegen/cpp_wrapper_gpu.py,B101,LOW,HIGH,16,86,3,4e160d5fd9cbdf99710009d8d5c88a655f3339b9,272,1cb4e2df659059ac85cfe6f64a2363a12ae1071a,278
torch/_inductor/ir.py,B101,LOW,HIGH,16,96,3,bc362cc15a1885157e4ef962e45e10b2840b450d,268,1cb4e2df659059ac85cfe6f64a2363a12ae1071a,278
torch/_inductor/ir.py,B101,LOW,HIGH,12,90,3,bc362cc15a1885157e4ef962e45e10b2840b450d,268,1cb4e2df659059ac85cfe6f64a2363a12ae1071a,278
torch/_inductor/ir.py,B101,LOW,HIGH,8,57,3,bc362cc15a1885157e4ef962e45e10b2840b450d,268,1cb4e2df659059ac85cfe6f64a2363a12ae1071a,278
torch/_inductor/ir.py,B101,LOW,HIGH,8,72,3,bc362cc15a1885157e4ef962e45e10b2840b450d,268,1cb4e2df659059ac85cfe6f64a2363a12ae1071a,278
torch/_inductor/ir.py,B101,LOW,HIGH,12,106,13,bc362cc15a1885157e4ef962e45e10b2840b450d,268,1cb4e2df659059ac85cfe6f64a2363a12ae1071a,278
torch/_inductor/ir.py,B101,LOW,HIGH,8,64,3,bc362cc15a1885157e4ef962e45e10b2840b450d,268,1cb4e2df659059ac85cfe6f64a2363a12ae1071a,278
torch/_inductor/ir.py,B101,LOW,HIGH,8,70,3,bc362cc15a1885157e4ef962e45e10b2840b450d,268,1cb4e2df659059ac85cfe6f64a2363a12ae1071a,278
torch/_inductor/ir.py,B101,LOW,HIGH,12,76,3,bc362cc15a1885157e4ef962e45e10b2840b450d,268,1cb4e2df659059ac85cfe6f64a2363a12ae1071a,278
torch/_inductor/ir.py,B101,LOW,HIGH,16,80,3,bc362cc15a1885157e4ef962e45e10b2840b450d,268,1cb4e2df659059ac85cfe6f64a2363a12ae1071a,278
torch/_inductor/ir.py,B101,LOW,HIGH,8,62,3,bc362cc15a1885157e4ef962e45e10b2840b450d,268,1cb4e2df659059ac85cfe6f64a2363a12ae1071a,278
torch/_inductor/ir.py,B101,LOW,HIGH,16,66,3,bc362cc15a1885157e4ef962e45e10b2840b450d,268,1cb4e2df659059ac85cfe6f64a2363a12ae1071a,278
torch/_inductor/ir.py,B101,LOW,HIGH,16,89,3,bc362cc15a1885157e4ef962e45e10b2840b450d,268,1cb4e2df659059ac85cfe6f64a2363a12ae1071a,278
torch/_inductor/codegen/cuda/gemm_template.py,B101,LOW,HIGH,8,79,3,76ce194b8e89814afbe8adb5c68e2cd71e84be37,10,1cb4e2df659059ac85cfe6f64a2363a12ae1071a,278
torch/_inductor/codegen/cuda/cutlass_utils.py,B101,LOW,HIGH,8,54,3,d91be786cbe7839c98ce54477ac41b38a2b1b4fc,18,1cb4e2df659059ac85cfe6f64a2363a12ae1071a,278
torch/_inductor/codegen/cuda/cutlass_utils.py,B101,LOW,HIGH,16,99,3,d91be786cbe7839c98ce54477ac41b38a2b1b4fc,18,1cb4e2df659059ac85cfe6f64a2363a12ae1071a,278
torch/_inductor/codegen/cpp_flex_attention_template.py,B101,LOW,HIGH,8,104,4,2fb9416e6fea189baf45dd7a9a5e965e3f46f29a,19,1cb4e2df659059ac85cfe6f64a2363a12ae1071a,278
torch/_inductor/codegen/cpp_gemm_template.py,B101,LOW,HIGH,8,63,3,2fb9416e6fea189baf45dd7a9a5e965e3f46f29a,19,1cb4e2df659059ac85cfe6f64a2363a12ae1071a,278
torch/_inductor/codegen/cpp_gemm_template.py,B101,LOW,HIGH,12,66,3,2fb9416e6fea189baf45dd7a9a5e965e3f46f29a,19,1cb4e2df659059ac85cfe6f64a2363a12ae1071a,278
torch/_inductor/codegen/cpp_gemm_template.py,B101,LOW,HIGH,8,62,3,2fb9416e6fea189baf45dd7a9a5e965e3f46f29a,19,1cb4e2df659059ac85cfe6f64a2363a12ae1071a,278
torch/_inductor/codegen/cpp_gemm_template.py,B101,LOW,HIGH,16,80,3,2fb9416e6fea189baf45dd7a9a5e965e3f46f29a,19,1cb4e2df659059ac85cfe6f64a2363a12ae1071a,278
torch/_inductor/codegen/cpp_micro_gemm.py,B101,LOW,HIGH,8,57,3,46d1422afd3ba8393fc7560c9277327161e4fa4a,125,1cb4e2df659059ac85cfe6f64a2363a12ae1071a,278
torch/_inductor/codegen/cpp_wrapper_cpu.py,B101,LOW,HIGH,24,83,3,b6fe28ff02d9d90782cedc5c2038aa39d99c4cb8,224,1cb4e2df659059ac85cfe6f64a2363a12ae1071a,278
torch/_inductor/codegen/cpp_wrapper_cpu.py,B101,LOW,HIGH,16,55,3,b6fe28ff02d9d90782cedc5c2038aa39d99c4cb8,224,1cb4e2df659059ac85cfe6f64a2363a12ae1071a,278
torch/_inductor/codegen/cpp_wrapper_cpu.py,B101,LOW,HIGH,20,92,3,b6fe28ff02d9d90782cedc5c2038aa39d99c4cb8,224,1cb4e2df659059ac85cfe6f64a2363a12ae1071a,278
torch/_inductor/codegen/cpp_wrapper_cpu.py,B101,LOW,HIGH,16,79,3,b6fe28ff02d9d90782cedc5c2038aa39d99c4cb8,224,1cb4e2df659059ac85cfe6f64a2363a12ae1071a,278
torch/_inductor/codegen/cpp_wrapper_cpu.py,B101,LOW,HIGH,24,69,3,b6fe28ff02d9d90782cedc5c2038aa39d99c4cb8,224,1cb4e2df659059ac85cfe6f64a2363a12ae1071a,278
torch/_inductor/codegen/cpp_wrapper_cpu.py,B101,LOW,HIGH,12,60,3,b6fe28ff02d9d90782cedc5c2038aa39d99c4cb8,224,1cb4e2df659059ac85cfe6f64a2363a12ae1071a,278
torch/_inductor/codegen/cpp_wrapper_cpu.py,B101,LOW,HIGH,8,69,3,b6fe28ff02d9d90782cedc5c2038aa39d99c4cb8,224,1cb4e2df659059ac85cfe6f64a2363a12ae1071a,278
torch/_inductor/codegen/cpp_wrapper_cpu.py,B101,LOW,HIGH,20,102,3,b6fe28ff02d9d90782cedc5c2038aa39d99c4cb8,224,1cb4e2df659059ac85cfe6f64a2363a12ae1071a,278
torch/_inductor/codegen/cpp_wrapper_cpu.py,B101,LOW,HIGH,12,62,3,b6fe28ff02d9d90782cedc5c2038aa39d99c4cb8,224,1cb4e2df659059ac85cfe6f64a2363a12ae1071a,278
torch/_inductor/codegen/cpp_wrapper_cpu.py,B101,LOW,HIGH,16,54,3,b6fe28ff02d9d90782cedc5c2038aa39d99c4cb8,224,1cb4e2df659059ac85cfe6f64a2363a12ae1071a,278
torch/_inductor/codegen/cpp_wrapper_cpu.py,B101,LOW,HIGH,12,73,3,b6fe28ff02d9d90782cedc5c2038aa39d99c4cb8,224,1cb4e2df659059ac85cfe6f64a2363a12ae1071a,278
torch/_inductor/codegen/cpp_wrapper_cpu.py,B101,LOW,HIGH,16,98,3,b6fe28ff02d9d90782cedc5c2038aa39d99c4cb8,224,1cb4e2df659059ac85cfe6f64a2363a12ae1071a,278
torch/_inductor/codegen/cpp_wrapper_cpu.py,B101,LOW,HIGH,20,64,3,b6fe28ff02d9d90782cedc5c2038aa39d99c4cb8,224,1cb4e2df659059ac85cfe6f64a2363a12ae1071a,278
torch/_inductor/cpp_builder.py,B101,LOW,HIGH,8,78,3,f104ef1248237e93432dfbe1002a7b92c69435a7,212,1cb4e2df659059ac85cfe6f64a2363a12ae1071a,278
torch/_inductor/codecache.py,B101,LOW,HIGH,4,63,3,c5bf9aaf1cc652a8331e4b0e12375c703c0548bc,233,1cb4e2df659059ac85cfe6f64a2363a12ae1071a,278
torch/_inductor/codecache.py,B101,LOW,HIGH,8,58,3,c5bf9aaf1cc652a8331e4b0e12375c703c0548bc,233,1cb4e2df659059ac85cfe6f64a2363a12ae1071a,278
torch/_inductor/codecache.py,B101,LOW,HIGH,16,55,3,c5bf9aaf1cc652a8331e4b0e12375c703c0548bc,233,1cb4e2df659059ac85cfe6f64a2363a12ae1071a,278
torch/_inductor/codegen/common.py,B101,LOW,HIGH,16,74,3,26f19539ad8e6d3b874cbf9d7082e08880033e64,231,1cb4e2df659059ac85cfe6f64a2363a12ae1071a,278
torch/_inductor/codegen/triton.py,B101,LOW,HIGH,8,122,3,8cb8722979774556d0b67e9bb58aba9652b5e239,222,1cb4e2df659059ac85cfe6f64a2363a12ae1071a,278
torch/_inductor/codegen/triton.py,B101,LOW,HIGH,8,64,3,8cb8722979774556d0b67e9bb58aba9652b5e239,222,1cb4e2df659059ac85cfe6f64a2363a12ae1071a,278
torch/_inductor/codegen/triton.py,B101,LOW,HIGH,16,85,3,8cb8722979774556d0b67e9bb58aba9652b5e239,222,1cb4e2df659059ac85cfe6f64a2363a12ae1071a,278
torch/_inductor/compile_fx.py,B101,LOW,HIGH,28,67,3,c5bf9aaf1cc652a8331e4b0e12375c703c0548bc,233,1cb4e2df659059ac85cfe6f64a2363a12ae1071a,278
torch/_inductor/compile_fx.py,B101,LOW,HIGH,4,91,3,c5bf9aaf1cc652a8331e4b0e12375c703c0548bc,233,1cb4e2df659059ac85cfe6f64a2363a12ae1071a,278
torch/_inductor/graph.py,B101,LOW,HIGH,12,47,3,481a57bc37ffb90a670e63a7bdbfb68314190943,257,1cb4e2df659059ac85cfe6f64a2363a12ae1071a,278
torch/_inductor/graph.py,B101,LOW,HIGH,24,82,3,481a57bc37ffb90a670e63a7bdbfb68314190943,257,1cb4e2df659059ac85cfe6f64a2363a12ae1071a,278
torch/_inductor/graph.py,B101,LOW,HIGH,4,112,3,481a57bc37ffb90a670e63a7bdbfb68314190943,257,1cb4e2df659059ac85cfe6f64a2363a12ae1071a,278
torch/_inductor/graph.py,B101,LOW,HIGH,8,53,3,481a57bc37ffb90a670e63a7bdbfb68314190943,257,1cb4e2df659059ac85cfe6f64a2363a12ae1071a,278
torch/_inductor/lowering.py,B101,LOW,HIGH,4,83,3,bc362cc15a1885157e4ef962e45e10b2840b450d,268,1cb4e2df659059ac85cfe6f64a2363a12ae1071a,278
torch/_inductor/lowering.py,B101,LOW,HIGH,4,52,3,bc362cc15a1885157e4ef962e45e10b2840b450d,268,1cb4e2df659059ac85cfe6f64a2363a12ae1071a,278
torch/_inductor/lowering.py,B101,LOW,HIGH,4,78,3,bc362cc15a1885157e4ef962e45e10b2840b450d,268,1cb4e2df659059ac85cfe6f64a2363a12ae1071a,278
torch/_inductor/lowering.py,B101,LOW,HIGH,4,89,3,bc362cc15a1885157e4ef962e45e10b2840b450d,268,1cb4e2df659059ac85cfe6f64a2363a12ae1071a,278
torch/_inductor/lowering.py,B101,LOW,HIGH,4,56,3,bc362cc15a1885157e4ef962e45e10b2840b450d,268,1cb4e2df659059ac85cfe6f64a2363a12ae1071a,278
torch/_inductor/lowering.py,B101,LOW,HIGH,8,62,3,bc362cc15a1885157e4ef962e45e10b2840b450d,268,1cb4e2df659059ac85cfe6f64a2363a12ae1071a,278
torch/_inductor/lowering.py,B101,LOW,HIGH,12,46,3,bc362cc15a1885157e4ef962e45e10b2840b450d,268,1cb4e2df659059ac85cfe6f64a2363a12ae1071a,278
torch/_inductor/lowering.py,B101,LOW,HIGH,4,93,3,bc362cc15a1885157e4ef962e45e10b2840b450d,268,1cb4e2df659059ac85cfe6f64a2363a12ae1071a,278
torch/_inductor/lowering.py,B101,LOW,HIGH,4,102,5,bc362cc15a1885157e4ef962e45e10b2840b450d,268,1cb4e2df659059ac85cfe6f64a2363a12ae1071a,278
torch/_inductor/codegen/cpp.py,B101,LOW,HIGH,12,85,3,be830c8b1c496277491bbbdd40a5cb35de17d5fb,173,1cb4e2df659059ac85cfe6f64a2363a12ae1071a,278
torch/_inductor/codegen/cpp.py,B101,LOW,HIGH,12,100,3,be830c8b1c496277491bbbdd40a5cb35de17d5fb,173,1cb4e2df659059ac85cfe6f64a2363a12ae1071a,278
torch/_inductor/codegen/cpp.py,B101,LOW,HIGH,8,70,3,be830c8b1c496277491bbbdd40a5cb35de17d5fb,173,1cb4e2df659059ac85cfe6f64a2363a12ae1071a,278
torch/_inductor/codegen/cpp.py,B101,LOW,HIGH,16,84,3,be830c8b1c496277491bbbdd40a5cb35de17d5fb,173,1cb4e2df659059ac85cfe6f64a2363a12ae1071a,278
torch/_inductor/codegen/cpp.py,B101,LOW,HIGH,8,76,3,be830c8b1c496277491bbbdd40a5cb35de17d5fb,173,1cb4e2df659059ac85cfe6f64a2363a12ae1071a,278
torch/_inductor/codegen/cpp.py,B101,LOW,HIGH,16,76,3,be830c8b1c496277491bbbdd40a5cb35de17d5fb,173,1cb4e2df659059ac85cfe6f64a2363a12ae1071a,278
torch/_inductor/codegen/cpp.py,B101,LOW,HIGH,8,121,3,be830c8b1c496277491bbbdd40a5cb35de17d5fb,173,1cb4e2df659059ac85cfe6f64a2363a12ae1071a,278
torch/_inductor/codegen/cpp.py,B101,LOW,HIGH,8,72,3,be830c8b1c496277491bbbdd40a5cb35de17d5fb,173,1cb4e2df659059ac85cfe6f64a2363a12ae1071a,278
torch/_inductor/kernel/flex_attention.py,B101,LOW,HIGH,4,118,3,678435c443998e2e88380f525d039d159c87f6b7,184,1cb4e2df659059ac85cfe6f64a2363a12ae1071a,278
torch/_inductor/kernel/flex_attention.py,B101,LOW,HIGH,4,64,3,678435c443998e2e88380f525d039d159c87f6b7,184,1cb4e2df659059ac85cfe6f64a2363a12ae1071a,278
torch/_inductor/kernel/flex_attention.py,B101,LOW,HIGH,4,42,3,678435c443998e2e88380f525d039d159c87f6b7,184,1cb4e2df659059ac85cfe6f64a2363a12ae1071a,278
torch/_inductor/kernel/flex_attention.py,B101,LOW,HIGH,4,44,3,678435c443998e2e88380f525d039d159c87f6b7,184,1cb4e2df659059ac85cfe6f64a2363a12ae1071a,278
torch/_inductor/kernel/flex_attention.py,B101,LOW,HIGH,4,55,3,678435c443998e2e88380f525d039d159c87f6b7,184,1cb4e2df659059ac85cfe6f64a2363a12ae1071a,278
torch/_inductor/kernel/flex_attention.py,B101,LOW,HIGH,8,134,3,678435c443998e2e88380f525d039d159c87f6b7,184,1cb4e2df659059ac85cfe6f64a2363a12ae1071a,278
torch/_inductor/kernel/flex_attention.py,B101,LOW,HIGH,4,66,3,678435c443998e2e88380f525d039d159c87f6b7,184,1cb4e2df659059ac85cfe6f64a2363a12ae1071a,278
torch/_inductor/kernel/flex_attention.py,B101,LOW,HIGH,4,116,3,678435c443998e2e88380f525d039d159c87f6b7,184,1cb4e2df659059ac85cfe6f64a2363a12ae1071a,278
torch/_inductor/select_algorithm.py,B101,LOW,HIGH,16,114,3,84c89a45276ad1abf54fbe3b88ef64efe31ee346,218,1cb4e2df659059ac85cfe6f64a2363a12ae1071a,278
torch/_inductor/select_algorithm.py,B101,LOW,HIGH,8,94,3,84c89a45276ad1abf54fbe3b88ef64efe31ee346,218,1cb4e2df659059ac85cfe6f64a2363a12ae1071a,278
torch/_inductor/select_algorithm.py,B101,LOW,HIGH,8,63,3,84c89a45276ad1abf54fbe3b88ef64efe31ee346,218,1cb4e2df659059ac85cfe6f64a2363a12ae1071a,278
torch/_inductor/select_algorithm.py,B101,LOW,HIGH,12,71,3,84c89a45276ad1abf54fbe3b88ef64efe31ee346,218,1cb4e2df659059ac85cfe6f64a2363a12ae1071a,278
torch/_inductor/select_algorithm.py,B101,LOW,HIGH,8,120,3,84c89a45276ad1abf54fbe3b88ef64efe31ee346,218,1cb4e2df659059ac85cfe6f64a2363a12ae1071a,278
torch/_inductor/select_algorithm.py,B101,LOW,HIGH,8,45,3,84c89a45276ad1abf54fbe3b88ef64efe31ee346,218,1cb4e2df659059ac85cfe6f64a2363a12ae1071a,278
torch/_inductor/select_algorithm.py,B101,LOW,HIGH,8,62,3,84c89a45276ad1abf54fbe3b88ef64efe31ee346,218,1cb4e2df659059ac85cfe6f64a2363a12ae1071a,278
torch/_inductor/codegen/wrapper.py,B101,LOW,HIGH,20,77,3,481a57bc37ffb90a670e63a7bdbfb68314190943,257,1cb4e2df659059ac85cfe6f64a2363a12ae1071a,278
torch/_inductor/codegen/wrapper.py,B101,LOW,HIGH,12,63,3,481a57bc37ffb90a670e63a7bdbfb68314190943,257,1cb4e2df659059ac85cfe6f64a2363a12ae1071a,278
torch/_inductor/codegen/wrapper.py,B101,LOW,HIGH,12,87,3,481a57bc37ffb90a670e63a7bdbfb68314190943,257,1cb4e2df659059ac85cfe6f64a2363a12ae1071a,278
torch/_inductor/codegen/wrapper.py,B101,LOW,HIGH,8,96,3,481a57bc37ffb90a670e63a7bdbfb68314190943,257,1cb4e2df659059ac85cfe6f64a2363a12ae1071a,278
torch/_inductor/codegen/wrapper.py,B101,LOW,HIGH,12,53,3,481a57bc37ffb90a670e63a7bdbfb68314190943,257,1cb4e2df659059ac85cfe6f64a2363a12ae1071a,278
torch/_inductor/codegen/wrapper.py,B101,LOW,HIGH,16,87,3,481a57bc37ffb90a670e63a7bdbfb68314190943,257,1cb4e2df659059ac85cfe6f64a2363a12ae1071a,278
torch/_inductor/codegen/wrapper.py,B101,LOW,HIGH,16,56,3,481a57bc37ffb90a670e63a7bdbfb68314190943,257,1cb4e2df659059ac85cfe6f64a2363a12ae1071a,278
torch/_inductor/cudagraph_trees.py,B101,LOW,HIGH,12,55,3,481a57bc37ffb90a670e63a7bdbfb68314190943,257,1cb4e2df659059ac85cfe6f64a2363a12ae1071a,278
torch/_inductor/cudagraph_trees.py,B101,LOW,HIGH,4,5,3,481a57bc37ffb90a670e63a7bdbfb68314190943,257,1cb4e2df659059ac85cfe6f64a2363a12ae1071a,278
torch/_inductor/utils.py,B101,LOW,HIGH,4,65,3,eb9c1273415851cbdc68613404a7e9f03c4adc24,263,1cb4e2df659059ac85cfe6f64a2363a12ae1071a,278
torch/_inductor/utils.py,B101,LOW,HIGH,4,56,3,eb9c1273415851cbdc68613404a7e9f03c4adc24,263,1cb4e2df659059ac85cfe6f64a2363a12ae1071a,278
torch/_inductor/utils.py,B101,LOW,HIGH,4,66,3,eb9c1273415851cbdc68613404a7e9f03c4adc24,263,1cb4e2df659059ac85cfe6f64a2363a12ae1071a,278
torch/_inductor/codegen/cpp_wrapper_cpu_array_ref.py,B101,LOW,HIGH,8,69,3,b6fe28ff02d9d90782cedc5c2038aa39d99c4cb8,224,1cb4e2df659059ac85cfe6f64a2363a12ae1071a,278
torch/_inductor/codegen/cpp_wrapper_cpu_array_ref.py,B101,LOW,HIGH,8,76,3,b6fe28ff02d9d90782cedc5c2038aa39d99c4cb8,224,1cb4e2df659059ac85cfe6f64a2363a12ae1071a,278
torch/_inductor/codegen/cpp_wrapper_cpu_array_ref.py,B101,LOW,HIGH,24,69,3,b6fe28ff02d9d90782cedc5c2038aa39d99c4cb8,224,1cb4e2df659059ac85cfe6f64a2363a12ae1071a,278
torch/_inductor/codegen/cpp_wrapper_cpu_array_ref.py,B101,LOW,HIGH,16,79,3,b6fe28ff02d9d90782cedc5c2038aa39d99c4cb8,224,1cb4e2df659059ac85cfe6f64a2363a12ae1071a,278
torch/_inductor/scheduler.py,B101,LOW,HIGH,16,72,3,b6fe28ff02d9d90782cedc5c2038aa39d99c4cb8,224,1cb4e2df659059ac85cfe6f64a2363a12ae1071a,278
torch/_inductor/scheduler.py,B101,LOW,HIGH,8,62,3,b6fe28ff02d9d90782cedc5c2038aa39d99c4cb8,224,1cb4e2df659059ac85cfe6f64a2363a12ae1071a,278
torch/_inductor/scheduler.py,B101,LOW,HIGH,16,65,3,b6fe28ff02d9d90782cedc5c2038aa39d99c4cb8,224,1cb4e2df659059ac85cfe6f64a2363a12ae1071a,278
torch/_inductor/scheduler.py,B101,LOW,HIGH,12,87,3,b6fe28ff02d9d90782cedc5c2038aa39d99c4cb8,224,1cb4e2df659059ac85cfe6f64a2363a12ae1071a,278
torch/_inductor/scheduler.py,B101,LOW,HIGH,8,63,3,b6fe28ff02d9d90782cedc5c2038aa39d99c4cb8,224,1cb4e2df659059ac85cfe6f64a2363a12ae1071a,278
torch/_inductor/scheduler.py,B101,LOW,HIGH,8,32,3,b6fe28ff02d9d90782cedc5c2038aa39d99c4cb8,224,1cb4e2df659059ac85cfe6f64a2363a12ae1071a,278
torch/_inductor/runtime/triton_heuristics.py,B101,LOW,HIGH,8,68,3,6ccbff1450bb3936636377d3910906f5666ddcfa,237,1cb4e2df659059ac85cfe6f64a2363a12ae1071a,278
torch/_inductor/runtime/triton_heuristics.py,B101,LOW,HIGH,16,90,4,6ccbff1450bb3936636377d3910906f5666ddcfa,237,1cb4e2df659059ac85cfe6f64a2363a12ae1071a,278
torch/_inductor/runtime/triton_heuristics.py,B101,LOW,HIGH,8,79,3,6ccbff1450bb3936636377d3910906f5666ddcfa,237,1cb4e2df659059ac85cfe6f64a2363a12ae1071a,278
torch/_inductor/runtime/triton_heuristics.py,B101,LOW,HIGH,4,61,3,6ccbff1450bb3936636377d3910906f5666ddcfa,237,1cb4e2df659059ac85cfe6f64a2363a12ae1071a,278
torch/_inductor/runtime/triton_heuristics.py,B101,LOW,HIGH,4,67,3,6ccbff1450bb3936636377d3910906f5666ddcfa,237,1cb4e2df659059ac85cfe6f64a2363a12ae1071a,278
torch/_inductor/runtime/triton_heuristics.py,B101,LOW,HIGH,12,78,3,6ccbff1450bb3936636377d3910906f5666ddcfa,237,1cb4e2df659059ac85cfe6f64a2363a12ae1071a,278
torch/_inductor/runtime/triton_heuristics.py,B101,LOW,HIGH,12,73,3,6ccbff1450bb3936636377d3910906f5666ddcfa,237,1cb4e2df659059ac85cfe6f64a2363a12ae1071a,278
torch/_inductor/runtime/triton_heuristics.py,B101,LOW,HIGH,4,70,3,6ccbff1450bb3936636377d3910906f5666ddcfa,237,1cb4e2df659059ac85cfe6f64a2363a12ae1071a,278
torch/_inductor/runtime/triton_heuristics.py,B101,LOW,HIGH,8,127,4,6ccbff1450bb3936636377d3910906f5666ddcfa,237,1cb4e2df659059ac85cfe6f64a2363a12ae1071a,278
torch/_inductor/ir.py,B101,LOW,HIGH,24,73,1,1cb4e2df659059ac85cfe6f64a2363a12ae1071a,278,2d2f60bdda832773e98adfff3b508a31fe46e788,287
torch/_inductor/ir.py,B101,LOW,HIGH,12,62,1,1cb4e2df659059ac85cfe6f64a2363a12ae1071a,278,2d2f60bdda832773e98adfff3b508a31fe46e788,287
torch/_inductor/ir.py,B101,LOW,HIGH,12,84,1,2d2f60bdda832773e98adfff3b508a31fe46e788,287,982d7ba3ef1d3ed91709eba2170869e1255eef60,288
torch/_inductor/fx_passes/micro_pipeline_tp.py,B101,LOW,HIGH,12,61,3,6e037ac41c095dfdb37fdd4b36bf8ec2ebf84bf1,290,ebc3f27bf410488f56ec99b647efe976c970bd53,292
torch/_inductor/fx_passes/micro_pipeline_tp.py,B101,LOW,HIGH,12,62,3,6e037ac41c095dfdb37fdd4b36bf8ec2ebf84bf1,290,ebc3f27bf410488f56ec99b647efe976c970bd53,292
torch/_inductor/fx_passes/micro_pipeline_tp.py,B101,LOW,HIGH,12,58,3,6e037ac41c095dfdb37fdd4b36bf8ec2ebf84bf1,290,ebc3f27bf410488f56ec99b647efe976c970bd53,292
torch/_inductor/fx_passes/micro_pipeline_tp.py,B101,LOW,HIGH,12,86,1,6e037ac41c095dfdb37fdd4b36bf8ec2ebf84bf1,290,ebc3f27bf410488f56ec99b647efe976c970bd53,292
torch/_inductor/graph.py,B101,LOW,HIGH,8,17,16,1cb4e2df659059ac85cfe6f64a2363a12ae1071a,278,fd16311e7fd3112638d09920296b278af328d44b,316
torch/_inductor/ir.py,B101,LOW,HIGH,12,13,15,338ed67a1e7aa98dd849f297533c5a71bea4b661,309,fd16311e7fd3112638d09920296b278af328d44b,316
torch/_inductor/fx_passes/micro_pipeline_tp.py,B101,LOW,HIGH,12,61,3,b8efebe57d05a87be5b0f304218d2af7bb2bf6c6,317,191c9bd013c4791ff572387ead32c69312ad954b,319
torch/_inductor/fx_passes/micro_pipeline_tp.py,B101,LOW,HIGH,12,62,3,b8efebe57d05a87be5b0f304218d2af7bb2bf6c6,317,191c9bd013c4791ff572387ead32c69312ad954b,319
torch/_inductor/fx_passes/micro_pipeline_tp.py,B101,LOW,HIGH,12,58,3,b8efebe57d05a87be5b0f304218d2af7bb2bf6c6,317,191c9bd013c4791ff572387ead32c69312ad954b,319
torch/_inductor/fx_passes/micro_pipeline_tp.py,B101,LOW,HIGH,12,86,1,b8efebe57d05a87be5b0f304218d2af7bb2bf6c6,317,191c9bd013c4791ff572387ead32c69312ad954b,319
torch/_inductor/codegen/cpp_wrapper_gpu.py,B101,LOW,HIGH,8,82,1,02c5f21541bb4d592534effd58f63e67e6ba6167,310,b59776d8572a56e2d2366174eac11015b1776f1e,340
torch/_inductor/codegen/cpp_wrapper_gpu.py,B101,LOW,HIGH,8,80,1,02c5f21541bb4d592534effd58f63e67e6ba6167,310,b59776d8572a56e2d2366174eac11015b1776f1e,340
torch/_inductor/codegen/cpp_wrapper_gpu.py,B101,LOW,HIGH,8,62,1,02c5f21541bb4d592534effd58f63e67e6ba6167,310,b59776d8572a56e2d2366174eac11015b1776f1e,340
torch/_inductor/codegen/cpp_wrapper_gpu.py,B101,LOW,HIGH,16,83,1,02c5f21541bb4d592534effd58f63e67e6ba6167,310,b59776d8572a56e2d2366174eac11015b1776f1e,340
torch/_inductor/codegen/cpp_wrapper_gpu.py,B101,LOW,HIGH,12,35,1,02c5f21541bb4d592534effd58f63e67e6ba6167,310,b59776d8572a56e2d2366174eac11015b1776f1e,340
torch/_inductor/codegen/cpp_wrapper_gpu.py,B101,LOW,HIGH,8,52,1,02c5f21541bb4d592534effd58f63e67e6ba6167,310,b59776d8572a56e2d2366174eac11015b1776f1e,340
torch/_inductor/codegen/cpp_wrapper_gpu.py,B101,LOW,HIGH,8,76,1,02c5f21541bb4d592534effd58f63e67e6ba6167,310,b59776d8572a56e2d2366174eac11015b1776f1e,340
torch/_inductor/codegen/cpp_wrapper_cpu.py,B101,LOW,HIGH,8,81,1,1cb4e2df659059ac85cfe6f64a2363a12ae1071a,278,b59776d8572a56e2d2366174eac11015b1776f1e,340
test/inductor/test_kernel_benchmark.py,B102,MEDIUM,HIGH,8,28,1,762724f3d08791acd18e77e430a20a8c62d3b145,322,b59776d8572a56e2d2366174eac11015b1776f1e,340
test/inductor/test_kernel_benchmark.py,B603,LOW,HIGH,20,9,5,762724f3d08791acd18e77e430a20a8c62d3b145,322,b59776d8572a56e2d2366174eac11015b1776f1e,340
torch/_inductor/runtime/triton_heuristics.py,B102,MEDIUM,HIGH,8,9,12,1cb4e2df659059ac85cfe6f64a2363a12ae1071a,278,b59776d8572a56e2d2366174eac11015b1776f1e,340
torch/_inductor/runtime/triton_heuristics.py,B101,LOW,HIGH,8,68,1,1cb4e2df659059ac85cfe6f64a2363a12ae1071a,278,b59776d8572a56e2d2366174eac11015b1776f1e,340
torch/_inductor/runtime/triton_heuristics.py,B101,LOW,HIGH,12,43,1,1cb4e2df659059ac85cfe6f64a2363a12ae1071a,278,b59776d8572a56e2d2366174eac11015b1776f1e,340
torch/_inductor/codegen/cpp_wrapper_gpu.py,B101,LOW,HIGH,8,9,3,02c5f21541bb4d592534effd58f63e67e6ba6167,310,b59776d8572a56e2d2366174eac11015b1776f1e,340
torch/_inductor/codegen/multi_kernel.py,B101,LOW,HIGH,12,72,1,1cb4e2df659059ac85cfe6f64a2363a12ae1071a,278,b59776d8572a56e2d2366174eac11015b1776f1e,340
torch/_inductor/codegen/triton_combo_kernel.py,B101,LOW,HIGH,20,21,3,1cb4e2df659059ac85cfe6f64a2363a12ae1071a,278,b59776d8572a56e2d2366174eac11015b1776f1e,340
torch/_inductor/codegen/triton_combo_kernel.py,B101,LOW,HIGH,12,50,1,1cb4e2df659059ac85cfe6f64a2363a12ae1071a,278,b59776d8572a56e2d2366174eac11015b1776f1e,340
torch/_inductor/codegen/cpp_wrapper_gpu.py,B101,LOW,HIGH,20,21,3,02c5f21541bb4d592534effd58f63e67e6ba6167,310,b59776d8572a56e2d2366174eac11015b1776f1e,340
torch/fx/node.py,B101,LOW,HIGH,8,31,1,edaff88f69f069d517b72ea23fd5eb04702eb0b5,348,0135f57f4aaeaba8d720f551eab6dca6fcede8cd,349
torch/fx/node.py,B101,LOW,HIGH,8,88,1,0135f57f4aaeaba8d720f551eab6dca6fcede8cd,349,29c2de9ae16f1673f3f44363243294d403e53d37,350
test/inductor/test_kernel_benchmark.py,B603,LOW,HIGH,24,13,5,b59776d8572a56e2d2366174eac11015b1776f1e,340,608377d3418653932d6461093a77db44e720290d,351
torch/_inductor/codegen/cpp_wrapper_gpu.py,B101,LOW,HIGH,8,71,1,b59776d8572a56e2d2366174eac11015b1776f1e,340,608377d3418653932d6461093a77db44e720290d,351
torch/_inductor/codegen/cpp_wrapper_gpu.py,B101,LOW,HIGH,8,83,1,b59776d8572a56e2d2366174eac11015b1776f1e,340,608377d3418653932d6461093a77db44e720290d,351
torch/_inductor/codegen/cpp_wrapper_gpu.py,B101,LOW,HIGH,8,9,4,b59776d8572a56e2d2366174eac11015b1776f1e,340,608377d3418653932d6461093a77db44e720290d,351
torch/_inductor/codegen/cpp_wrapper_gpu.py,B101,LOW,HIGH,12,73,1,b59776d8572a56e2d2366174eac11015b1776f1e,340,608377d3418653932d6461093a77db44e720290d,351
torch/_inductor/codegen/triton.py,B101,LOW,HIGH,12,25,1,b59776d8572a56e2d2366174eac11015b1776f1e,340,608377d3418653932d6461093a77db44e720290d,351
torch/_inductor/codegen/triton_combo_kernel.py,B101,LOW,HIGH,8,35,1,b59776d8572a56e2d2366174eac11015b1776f1e,340,608377d3418653932d6461093a77db44e720290d,351
torch/_inductor/codegen/wrapper.py,B101,LOW,HIGH,16,44,1,b59776d8572a56e2d2366174eac11015b1776f1e,340,608377d3418653932d6461093a77db44e720290d,351
torch/_inductor/codegen/wrapper.py,B101,LOW,HIGH,12,55,1,b59776d8572a56e2d2366174eac11015b1776f1e,340,608377d3418653932d6461093a77db44e720290d,351
torch/_inductor/runtime/triton_heuristics.py,B102,MEDIUM,HIGH,8,46,1,b59776d8572a56e2d2366174eac11015b1776f1e,340,608377d3418653932d6461093a77db44e720290d,351
torch/_inductor/runtime/triton_heuristics.py,B102,MEDIUM,HIGH,8,37,1,b59776d8572a56e2d2366174eac11015b1776f1e,340,608377d3418653932d6461093a77db44e720290d,351
torch/_inductor/runtime/triton_heuristics.py,B101,LOW,HIGH,8,45,1,b59776d8572a56e2d2366174eac11015b1776f1e,340,608377d3418653932d6461093a77db44e720290d,351
torch/_inductor/runtime/triton_heuristics.py,B102,MEDIUM,HIGH,12,29,1,b59776d8572a56e2d2366174eac11015b1776f1e,340,608377d3418653932d6461093a77db44e720290d,351
torch/_inductor/select_algorithm.py,B101,LOW,HIGH,8,73,1,b59776d8572a56e2d2366174eac11015b1776f1e,340,608377d3418653932d6461093a77db44e720290d,351
torch/_inductor/select_algorithm.py,B101,LOW,HIGH,12,81,1,b59776d8572a56e2d2366174eac11015b1776f1e,340,608377d3418653932d6461093a77db44e720290d,351
torch/_inductor/codegen/cpp_flex_attention_template.py,B101,LOW,HIGH,8,60,1,1cb4e2df659059ac85cfe6f64a2363a12ae1071a,278,d57f6178443a37e13f086ec7121ae71ed36395f7,358
torch/_inductor/compile_fx.py,B101,LOW,HIGH,8,53,1,608377d3418653932d6461093a77db44e720290d,351,07f876e9602ec6881df2360ab4817e129b563b7c,372
torch/fx/graph.py,B101,LOW,HIGH,8,47,1,edaff88f69f069d517b72ea23fd5eb04702eb0b5,348,5eb0337cfd5e7c2cdf4a2d4829609e391467270f,386
torch/fx/graph.py,B101,LOW,HIGH,12,42,1,edaff88f69f069d517b72ea23fd5eb04702eb0b5,348,5eb0337cfd5e7c2cdf4a2d4829609e391467270f,386
torch/fx/graph.py,B101,LOW,HIGH,8,62,1,edaff88f69f069d517b72ea23fd5eb04702eb0b5,348,5eb0337cfd5e7c2cdf4a2d4829609e391467270f,386
torch/fx/graph.py,B101,LOW,HIGH,8,31,1,edaff88f69f069d517b72ea23fd5eb04702eb0b5,348,5eb0337cfd5e7c2cdf4a2d4829609e391467270f,386
torch/fx/graph.py,B101,LOW,HIGH,8,64,1,edaff88f69f069d517b72ea23fd5eb04702eb0b5,348,5eb0337cfd5e7c2cdf4a2d4829609e391467270f,386
torch/fx/graph.py,B101,LOW,HIGH,8,43,1,5eb0337cfd5e7c2cdf4a2d4829609e391467270f,386,8531d247ba411993f9a10686d70514f6945f9960,387
torch/fx/graph.py,B101,LOW,HIGH,8,42,1,5eb0337cfd5e7c2cdf4a2d4829609e391467270f,386,8531d247ba411993f9a10686d70514f6945f9960,387
torch/fx/graph.py,B101,LOW,HIGH,8,66,1,ed9055c303ec1c94385c6fb0fe07ab49ef4f4833,406,611b0e9bc4e86bea26b96e166e74f20af738973a,407
torch/fx/graph.py,B101,LOW,HIGH,12,68,1,ed9055c303ec1c94385c6fb0fe07ab49ef4f4833,406,611b0e9bc4e86bea26b96e166e74f20af738973a,407
torch/fx/graph.py,B101,LOW,HIGH,12,66,1,ed9055c303ec1c94385c6fb0fe07ab49ef4f4833,406,611b0e9bc4e86bea26b96e166e74f20af738973a,407
torch/fx/graph.py,B101,LOW,HIGH,12,36,1,ed9055c303ec1c94385c6fb0fe07ab49ef4f4833,406,611b0e9bc4e86bea26b96e166e74f20af738973a,407
torch/distributed/tensor/_dispatch.py,B101,LOW,HIGH,8,88,1,995df34b19387f672fc49ba4197e56c11ad52f7f,273,f859722f70d81eeb5191d12637a6ffaf9aa34fef,409
torch/distributed/tensor/_op_schema.py,B101,LOW,HIGH,12,13,3,995df34b19387f672fc49ba4197e56c11ad52f7f,273,f859722f70d81eeb5191d12637a6ffaf9aa34fef,409
torch/distributed/tensor/_op_schema.py,B101,LOW,HIGH,12,45,1,995df34b19387f672fc49ba4197e56c11ad52f7f,273,f859722f70d81eeb5191d12637a6ffaf9aa34fef,409
torch/fx/node.py,B101,LOW,HIGH,12,35,1,97b9e68bc657ccac52bb9b9b962d8d8776bec630,415,17d003fe75c2ef7d2c52553416f812ffe39df7ab,416
torch/_dynamo/variables/higher_order_ops.py,B101,LOW,HIGH,8,72,1,3ce352e389a5d6b69134360252f79d6b3d768eec,261,e4c558be1d7ee1ae34fca04cc33d30a8c67f042e,419
torch/_higher_order_ops/scan.py,B101,LOW,HIGH,8,87,1,7c71ab1d40992ea2660bb124152e95b7a9a5119d,199,e4c558be1d7ee1ae34fca04cc33d30a8c67f042e,419
torch/fx/experimental/symbolic_shapes.py,B101,LOW,HIGH,16,44,1,481a57bc37ffb90a670e63a7bdbfb68314190943,257,c677f3251f46b4bffdaa7758fb7102d665b6f11b,426
torch/_inductor/package/package.py,B603,LOW,HIGH,8,39,1,1cb4e2df659059ac85cfe6f64a2363a12ae1071a,278,df7e43e5d4761026c4176bdac39024278e1a4a07,450
torch/_inductor/package/package.py,B404,LOW,HIGH,0,17,1,1cb4e2df659059ac85cfe6f64a2363a12ae1071a,278,df7e43e5d4761026c4176bdac39024278e1a4a07,450
torch/distributed/tensor/_ops/_matrix_ops.py,B101,LOW,HIGH,4,49,1,9eef457c0241f87097a2ca7625f9961e31f3adcd,466,c9edd37ffb8c824db7da4e353a783b9738d71cca,470
torch/_inductor/codegen/cuda/cuda_kernel.py,B101,LOW,HIGH,8,41,1,608377d3418653932d6461093a77db44e720290d,351,4aeca28137dcee74b5fcd0c0636d0ee1f113d5fb,476
torch/_dynamo/guards.py,B101,LOW,HIGH,12,13,3,3ce352e389a5d6b69134360252f79d6b3d768eec,261,ad9a10aff058e71daf78a75e1edecc21a887168a,478
torch/_dynamo/guards.py,B101,LOW,HIGH,12,64,4,3ce352e389a5d6b69134360252f79d6b3d768eec,261,ad9a10aff058e71daf78a75e1edecc21a887168a,478
torch/_inductor/codegen/cpp_wrapper_cpu_array_ref.py,B101,LOW,HIGH,16,53,1,b17f5223a456a9d2ccc2760b759e0f74bbe6de64,382,d6d670ab4d70d9e9df8774dcaa1e86d1530f58e8,486
torch/_dynamo/variables/higher_order_ops.py,B101,LOW,HIGH,8,57,1,e4c558be1d7ee1ae34fca04cc33d30a8c67f042e,419,23441492f6f62e52c8518210ae6af5867ee3135c,490
torch/_dynamo/variables/higher_order_ops.py,B101,LOW,HIGH,8,59,1,e4c558be1d7ee1ae34fca04cc33d30a8c67f042e,419,23441492f6f62e52c8518210ae6af5867ee3135c,490
torch/_higher_order_ops/scan.py,B101,LOW,HIGH,4,45,1,e4c558be1d7ee1ae34fca04cc33d30a8c67f042e,419,23441492f6f62e52c8518210ae6af5867ee3135c,490
torch/_higher_order_ops/scan.py,B101,LOW,HIGH,4,58,1,e4c558be1d7ee1ae34fca04cc33d30a8c67f042e,419,23441492f6f62e52c8518210ae6af5867ee3135c,490
torch/_dynamo/variables/higher_order_ops.py,B101,LOW,HIGH,8,69,1,e4c558be1d7ee1ae34fca04cc33d30a8c67f042e,419,23441492f6f62e52c8518210ae6af5867ee3135c,490
test/inductor/test_cutlass_backend.py,B101,LOW,HIGH,16,38,1,ad49cfc9f0a8a4d8881b3734edd8c33a087c8b97,498,ae6bb584838e627cfc9df5b90b138cca0e233203,503
test/inductor/test_cutlass_backend.py,B101,LOW,HIGH,24,60,1,ad49cfc9f0a8a4d8881b3734edd8c33a087c8b97,498,ae6bb584838e627cfc9df5b90b138cca0e233203,503
torch/_inductor/codegen/cuda/gemm_template.py,B101,LOW,HIGH,12,13,3,ad49cfc9f0a8a4d8881b3734edd8c33a087c8b97,498,ae6bb584838e627cfc9df5b90b138cca0e233203,503
test/test_fake_tensor.py,B614,MEDIUM,HIGH,28,76,1,bdcc1b579b0c9962653e01d713ccbe06b455419a,506,209977e6e5b24b758f8d697fbc0b270e7fbb3c92,507
test/test_fake_tensor.py,B614,MEDIUM,HIGH,28,55,1,bdcc1b579b0c9962653e01d713ccbe06b455419a,506,209977e6e5b24b758f8d697fbc0b270e7fbb3c92,507
test/test_fake_tensor.py,B614,MEDIUM,HIGH,28,75,1,bdcc1b579b0c9962653e01d713ccbe06b455419a,506,209977e6e5b24b758f8d697fbc0b270e7fbb3c92,507
torch/_dynamo/guards.py,B101,LOW,HIGH,12,66,1,ad9a10aff058e71daf78a75e1edecc21a887168a,478,1d7fc0c68186300ddfcaa31bdce807364383bc12,529
torch/_dynamo/guards.py,B101,LOW,HIGH,12,88,1,ad9a10aff058e71daf78a75e1edecc21a887168a,478,1d7fc0c68186300ddfcaa31bdce807364383bc12,529
torch/_inductor/codegen/cuda/cuda_kernel.py,B101,LOW,HIGH,8,41,1,28b68b46bc974616ba2127552d37de42b39cd576,515,2fb654676f6291f6e27c6bab2761f170516598dd,533
torch/_inductor/compile_fx.py,B101,LOW,HIGH,8,53,1,3f069e7679588d5ee4b1d5b2492ca0e20f9320b5,556,a3b77d434a388bebb2e1a96d33801d7083748f69,573
test/inductor/test_cutlass_backend.py,B101,LOW,HIGH,16,38,1,bb94b65da776f5ecac21d989c9c9e9ebc8c35154,591,0f852641c29534a791315405f245bbc498ac87bc,596
test/inductor/test_cutlass_backend.py,B101,LOW,HIGH,24,60,1,bb94b65da776f5ecac21d989c9c9e9ebc8c35154,591,0f852641c29534a791315405f245bbc498ac87bc,596
torch/_inductor/codegen/cuda/gemm_template.py,B101,LOW,HIGH,12,13,3,d35a4ddae2345e639001bfee58a0932e96597f2d,532,0f852641c29534a791315405f245bbc498ac87bc,596
torch/_functorch/_aot_autograd/runtime_wrappers.py,B101,LOW,HIGH,16,92,3,481a57bc37ffb90a670e63a7bdbfb68314190943,257,c16cd25cf581dae69a2173a186bb70a7070e1104,610
test/test_cpp_extensions_aot.py,B101,LOW,HIGH,12,32,1,327e07ac1dc3351bb5f0ad436760b83590c400aa,627,275a7c5dbb2cab6410f5af0ef038f1280370928c,633
torch/_inductor/codegen/cuda/cuda_kernel.py,B101,LOW,HIGH,8,41,1,bb94b65da776f5ecac21d989c9c9e9ebc8c35154,591,7ae0ce6360b6e4f944906502d20da24c04debee5,637
torch/fx/node.py,B101,LOW,HIGH,8,31,1,bec7bdad47a4a96863af623a63029dfc5ea8d011,651,bf752c36da08871d76a66fd52ad09f87e66fc770,652
torch/fx/node.py,B101,LOW,HIGH,8,88,1,bf752c36da08871d76a66fd52ad09f87e66fc770,652,5d4e7d58b42623a9024a84f0050967ff0318dcdb,653
torch/fx/graph.py,B101,LOW,HIGH,8,47,1,bec7bdad47a4a96863af623a63029dfc5ea8d011,651,8f858e226ba81fde41d39aa34f1fd4cb4a4ecc51,654
torch/fx/graph.py,B101,LOW,HIGH,8,62,1,bec7bdad47a4a96863af623a63029dfc5ea8d011,651,8f858e226ba81fde41d39aa34f1fd4cb4a4ecc51,654
torch/fx/graph.py,B101,LOW,HIGH,8,31,1,bec7bdad47a4a96863af623a63029dfc5ea8d011,651,8f858e226ba81fde41d39aa34f1fd4cb4a4ecc51,654
torch/fx/graph.py,B101,LOW,HIGH,8,64,1,bec7bdad47a4a96863af623a63029dfc5ea8d011,651,8f858e226ba81fde41d39aa34f1fd4cb4a4ecc51,654
torch/fx/graph.py,B101,LOW,HIGH,8,42,1,8f858e226ba81fde41d39aa34f1fd4cb4a4ecc51,654,a60b4ed6236fea46bd41c6410204612f85c37818,655
torch/fx/graph.py,B101,LOW,HIGH,8,43,1,8f858e226ba81fde41d39aa34f1fd4cb4a4ecc51,654,a60b4ed6236fea46bd41c6410204612f85c37818,655
test/test_torch.py,B311,LOW,HIGH,20,35,1,3cde4c3069076ac0ec1f91fb3e5119484500115f,514,0fa0a740958ffc474843ceb1d19ee43c4bff4c09,686
test/test_torch.py,B101,LOW,HIGH,8,37,1,3cde4c3069076ac0ec1f91fb3e5119484500115f,514,0fa0a740958ffc474843ceb1d19ee43c4bff4c09,686
test/test_indexing.py,B311,LOW,HIGH,20,35,1,0fa0a740958ffc474843ceb1d19ee43c4bff4c09,686,16560d4e8f8a33844d3bc629ecc6ff2c4c290a54,705
test/test_indexing.py,B101,LOW,HIGH,8,35,1,0fa0a740958ffc474843ceb1d19ee43c4bff4c09,686,16560d4e8f8a33844d3bc629ecc6ff2c4c290a54,705
torch/utils/_get_clean_triton.py,B101,LOW,HIGH,4,50,1,608377d3418653932d6461093a77db44e720290d,351,8d08b4901586f230353a558ee00c16ad57f95178,717
test/inductor/test_kernel_benchmark.py,B102,MEDIUM,HIGH,8,28,1,6a3a1f96ceb87d66d90fddc3a23b52499b985c18,354,8d08b4901586f230353a558ee00c16ad57f95178,717
test/inductor/test_kernel_benchmark.py,B603,LOW,HIGH,20,9,5,6a3a1f96ceb87d66d90fddc3a23b52499b985c18,354,8d08b4901586f230353a558ee00c16ad57f95178,717
torch/_inductor/codegen/cpp_wrapper_cpu.py,B101,LOW,HIGH,8,81,1,09029010e5eaa849df7a0bd7211817f719f38cbf,706,8d08b4901586f230353a558ee00c16ad57f95178,717
torch/_inductor/codegen/cpp_wrapper_gpu.py,B101,LOW,HIGH,8,82,1,d6d670ab4d70d9e9df8774dcaa1e86d1530f58e8,486,8d08b4901586f230353a558ee00c16ad57f95178,717
torch/_inductor/codegen/cpp_wrapper_gpu.py,B101,LOW,HIGH,8,80,1,d6d670ab4d70d9e9df8774dcaa1e86d1530f58e8,486,8d08b4901586f230353a558ee00c16ad57f95178,717
torch/_inductor/codegen/cpp_wrapper_gpu.py,B101,LOW,HIGH,8,62,1,d6d670ab4d70d9e9df8774dcaa1e86d1530f58e8,486,8d08b4901586f230353a558ee00c16ad57f95178,717
torch/_inductor/codegen/cpp_wrapper_gpu.py,B101,LOW,HIGH,16,83,1,d6d670ab4d70d9e9df8774dcaa1e86d1530f58e8,486,8d08b4901586f230353a558ee00c16ad57f95178,717
torch/_inductor/codegen/cpp_wrapper_gpu.py,B101,LOW,HIGH,12,35,1,d6d670ab4d70d9e9df8774dcaa1e86d1530f58e8,486,8d08b4901586f230353a558ee00c16ad57f95178,717
torch/_inductor/codegen/cpp_wrapper_gpu.py,B101,LOW,HIGH,8,9,3,d6d670ab4d70d9e9df8774dcaa1e86d1530f58e8,486,8d08b4901586f230353a558ee00c16ad57f95178,717
torch/_inductor/codegen/cpp_wrapper_gpu.py,B101,LOW,HIGH,8,52,1,d6d670ab4d70d9e9df8774dcaa1e86d1530f58e8,486,8d08b4901586f230353a558ee00c16ad57f95178,717
torch/_inductor/codegen/cpp_wrapper_gpu.py,B101,LOW,HIGH,20,21,3,d6d670ab4d70d9e9df8774dcaa1e86d1530f58e8,486,8d08b4901586f230353a558ee00c16ad57f95178,717
torch/_inductor/codegen/cpp_wrapper_gpu.py,B101,LOW,HIGH,8,76,1,d6d670ab4d70d9e9df8774dcaa1e86d1530f58e8,486,8d08b4901586f230353a558ee00c16ad57f95178,717
torch/_inductor/codegen/multi_kernel.py,B101,LOW,HIGH,12,72,1,608377d3418653932d6461093a77db44e720290d,351,8d08b4901586f230353a558ee00c16ad57f95178,717
torch/_inductor/codegen/triton_combo_kernel.py,B101,LOW,HIGH,20,21,3,608377d3418653932d6461093a77db44e720290d,351,8d08b4901586f230353a558ee00c16ad57f95178,717
torch/_inductor/codegen/triton_combo_kernel.py,B101,LOW,HIGH,12,50,1,608377d3418653932d6461093a77db44e720290d,351,8d08b4901586f230353a558ee00c16ad57f95178,717
torch/_inductor/runtime/triton_heuristics.py,B102,MEDIUM,HIGH,8,9,12,63778cb8a03b79ae6fce9742b612ead204313611,413,8d08b4901586f230353a558ee00c16ad57f95178,717
torch/_inductor/runtime/triton_heuristics.py,B101,LOW,HIGH,8,68,1,63778cb8a03b79ae6fce9742b612ead204313611,413,8d08b4901586f230353a558ee00c16ad57f95178,717
torch/_inductor/runtime/triton_heuristics.py,B101,LOW,HIGH,12,43,1,63778cb8a03b79ae6fce9742b612ead204313611,413,8d08b4901586f230353a558ee00c16ad57f95178,717
torch/_dynamo/symbolic_convert.py,B101,LOW,HIGH,12,64,1,6b0fd741d119c521ca08b44ad575504cdb01f3fd,665,4e7d264cf8ee5e19224c638bf8b2d15b82da1151,718
torch/_dynamo/symbolic_convert.py,B101,LOW,HIGH,12,63,1,6b0fd741d119c521ca08b44ad575504cdb01f3fd,665,4e7d264cf8ee5e19224c638bf8b2d15b82da1151,718
torch/_dynamo/symbolic_convert.py,B101,LOW,HIGH,16,45,1,fb53e9e514e65589d30344a3512ad8f45d04626d,719,daff65d671bb3273ea2efcf94ead7a579ccde61c,720
torch/_dynamo/symbolic_convert.py,B101,LOW,HIGH,12,61,1,fb53e9e514e65589d30344a3512ad8f45d04626d,719,daff65d671bb3273ea2efcf94ead7a579ccde61c,720
test/run_test.py,B101,LOW,HIGH,8,71,1,275a7c5dbb2cab6410f5af0ef038f1280370928c,633,971606befac4f5638ec039c53ea2f78da44d0030,723
torch/_export/serde/serialize.py,B101,LOW,HIGH,8,90,1,ebd087e4b59248b83e0d54b3cbdbedb37d31e0b0,658,cf19efd3d9ed5f9d5ae87dc390da989d1eb2cf60,732
torch/_inductor/codegen/mps.py,B101,LOW,HIGH,16,86,1,8d08b4901586f230353a558ee00c16ad57f95178,717,98a2d905bf9d2e276f33f73b44cd75c6fdfd7dab,741
test/inductor/test_kernel_benchmark.py,B603,LOW,HIGH,24,13,5,8d08b4901586f230353a558ee00c16ad57f95178,717,5ada4e6a535f5a0cf53a87eae179f307376630e3,755
torch/_inductor/codegen/cpp_wrapper_gpu.py,B101,LOW,HIGH,8,71,1,8d08b4901586f230353a558ee00c16ad57f95178,717,5ada4e6a535f5a0cf53a87eae179f307376630e3,755
torch/_inductor/codegen/cpp_wrapper_gpu.py,B101,LOW,HIGH,8,83,1,8d08b4901586f230353a558ee00c16ad57f95178,717,5ada4e6a535f5a0cf53a87eae179f307376630e3,755
torch/_inductor/codegen/cpp_wrapper_gpu.py,B101,LOW,HIGH,8,9,4,8d08b4901586f230353a558ee00c16ad57f95178,717,5ada4e6a535f5a0cf53a87eae179f307376630e3,755
torch/_inductor/codegen/cpp_wrapper_gpu.py,B101,LOW,HIGH,12,73,1,8d08b4901586f230353a558ee00c16ad57f95178,717,5ada4e6a535f5a0cf53a87eae179f307376630e3,755
torch/_inductor/codegen/triton.py,B101,LOW,HIGH,12,25,1,8d08b4901586f230353a558ee00c16ad57f95178,717,5ada4e6a535f5a0cf53a87eae179f307376630e3,755
torch/_inductor/codegen/triton_combo_kernel.py,B101,LOW,HIGH,8,35,1,8d08b4901586f230353a558ee00c16ad57f95178,717,5ada4e6a535f5a0cf53a87eae179f307376630e3,755
torch/_inductor/codegen/wrapper.py,B101,LOW,HIGH,16,44,1,8d08b4901586f230353a558ee00c16ad57f95178,717,5ada4e6a535f5a0cf53a87eae179f307376630e3,755
torch/_inductor/codegen/wrapper.py,B101,LOW,HIGH,12,55,1,8d08b4901586f230353a558ee00c16ad57f95178,717,5ada4e6a535f5a0cf53a87eae179f307376630e3,755
torch/_inductor/runtime/triton_heuristics.py,B102,MEDIUM,HIGH,8,46,1,b54cf1a2814dc8e0d68738add86f0c41bd7f2e75,730,5ada4e6a535f5a0cf53a87eae179f307376630e3,755
torch/_inductor/runtime/triton_heuristics.py,B102,MEDIUM,HIGH,8,37,1,b54cf1a2814dc8e0d68738add86f0c41bd7f2e75,730,5ada4e6a535f5a0cf53a87eae179f307376630e3,755
torch/_inductor/runtime/triton_heuristics.py,B101,LOW,HIGH,8,45,1,b54cf1a2814dc8e0d68738add86f0c41bd7f2e75,730,5ada4e6a535f5a0cf53a87eae179f307376630e3,755
torch/_inductor/runtime/triton_heuristics.py,B102,MEDIUM,HIGH,12,29,1,b54cf1a2814dc8e0d68738add86f0c41bd7f2e75,730,5ada4e6a535f5a0cf53a87eae179f307376630e3,755
torch/_inductor/select_algorithm.py,B101,LOW,HIGH,8,73,1,8d08b4901586f230353a558ee00c16ad57f95178,717,5ada4e6a535f5a0cf53a87eae179f307376630e3,755
torch/_inductor/select_algorithm.py,B101,LOW,HIGH,12,81,1,8d08b4901586f230353a558ee00c16ad57f95178,717,5ada4e6a535f5a0cf53a87eae179f307376630e3,755
torch/utils/_get_clean_triton.py,B101,LOW,HIGH,4,50,1,5ada4e6a535f5a0cf53a87eae179f307376630e3,755,b040dc3a53be3d8266acb5329bdea6f8511579a3,759
test/inductor/test_kernel_benchmark.py,B102,MEDIUM,HIGH,8,28,1,5ada4e6a535f5a0cf53a87eae179f307376630e3,755,b040dc3a53be3d8266acb5329bdea6f8511579a3,759
test/inductor/test_kernel_benchmark.py,B603,LOW,HIGH,20,9,5,5ada4e6a535f5a0cf53a87eae179f307376630e3,755,b040dc3a53be3d8266acb5329bdea6f8511579a3,759
torch/_inductor/codegen/cpp_wrapper_cpu.py,B101,LOW,HIGH,8,81,1,5ada4e6a535f5a0cf53a87eae179f307376630e3,755,b040dc3a53be3d8266acb5329bdea6f8511579a3,759
torch/_inductor/codegen/cpp_wrapper_gpu.py,B101,LOW,HIGH,8,82,1,5ada4e6a535f5a0cf53a87eae179f307376630e3,755,b040dc3a53be3d8266acb5329bdea6f8511579a3,759
torch/_inductor/codegen/cpp_wrapper_gpu.py,B101,LOW,HIGH,8,80,1,5ada4e6a535f5a0cf53a87eae179f307376630e3,755,b040dc3a53be3d8266acb5329bdea6f8511579a3,759
torch/_inductor/codegen/cpp_wrapper_gpu.py,B101,LOW,HIGH,8,62,1,5ada4e6a535f5a0cf53a87eae179f307376630e3,755,b040dc3a53be3d8266acb5329bdea6f8511579a3,759
torch/_inductor/codegen/cpp_wrapper_gpu.py,B101,LOW,HIGH,16,83,1,5ada4e6a535f5a0cf53a87eae179f307376630e3,755,b040dc3a53be3d8266acb5329bdea6f8511579a3,759
torch/_inductor/codegen/cpp_wrapper_gpu.py,B101,LOW,HIGH,12,35,1,5ada4e6a535f5a0cf53a87eae179f307376630e3,755,b040dc3a53be3d8266acb5329bdea6f8511579a3,759
torch/_inductor/codegen/cpp_wrapper_gpu.py,B101,LOW,HIGH,8,9,3,5ada4e6a535f5a0cf53a87eae179f307376630e3,755,b040dc3a53be3d8266acb5329bdea6f8511579a3,759
torch/_inductor/codegen/cpp_wrapper_gpu.py,B101,LOW,HIGH,8,52,1,5ada4e6a535f5a0cf53a87eae179f307376630e3,755,b040dc3a53be3d8266acb5329bdea6f8511579a3,759
torch/_inductor/codegen/cpp_wrapper_gpu.py,B101,LOW,HIGH,20,21,3,5ada4e6a535f5a0cf53a87eae179f307376630e3,755,b040dc3a53be3d8266acb5329bdea6f8511579a3,759
torch/_inductor/codegen/cpp_wrapper_gpu.py,B101,LOW,HIGH,8,76,1,5ada4e6a535f5a0cf53a87eae179f307376630e3,755,b040dc3a53be3d8266acb5329bdea6f8511579a3,759
torch/_inductor/codegen/multi_kernel.py,B101,LOW,HIGH,12,72,1,5ada4e6a535f5a0cf53a87eae179f307376630e3,755,b040dc3a53be3d8266acb5329bdea6f8511579a3,759
torch/_inductor/codegen/triton_combo_kernel.py,B101,LOW,HIGH,20,21,3,5ada4e6a535f5a0cf53a87eae179f307376630e3,755,b040dc3a53be3d8266acb5329bdea6f8511579a3,759
torch/_inductor/codegen/triton_combo_kernel.py,B101,LOW,HIGH,12,50,1,5ada4e6a535f5a0cf53a87eae179f307376630e3,755,b040dc3a53be3d8266acb5329bdea6f8511579a3,759
torch/_inductor/runtime/triton_heuristics.py,B102,MEDIUM,HIGH,8,9,12,5ada4e6a535f5a0cf53a87eae179f307376630e3,755,b040dc3a53be3d8266acb5329bdea6f8511579a3,759
torch/_inductor/runtime/triton_heuristics.py,B101,LOW,HIGH,8,68,1,5ada4e6a535f5a0cf53a87eae179f307376630e3,755,b040dc3a53be3d8266acb5329bdea6f8511579a3,759
torch/_inductor/runtime/triton_heuristics.py,B101,LOW,HIGH,12,43,1,5ada4e6a535f5a0cf53a87eae179f307376630e3,755,b040dc3a53be3d8266acb5329bdea6f8511579a3,759
torch/_inductor/output_code.py,B101,LOW,HIGH,12,57,1,481a57bc37ffb90a670e63a7bdbfb68314190943,257,3e605fe46df0705ae3ffcffd02e372c39d30f74b,796
torch/_inductor/output_code.py,B101,LOW,HIGH,12,63,1,481a57bc37ffb90a670e63a7bdbfb68314190943,257,3e605fe46df0705ae3ffcffd02e372c39d30f74b,796
torch/_inductor/output_code.py,B101,LOW,HIGH,12,38,1,481a57bc37ffb90a670e63a7bdbfb68314190943,257,3e605fe46df0705ae3ffcffd02e372c39d30f74b,796
torch/_inductor/cpp_builder.py,B603,LOW,HIGH,8,76,1,df60500ab8b60c9c8244b14382837c12112474a0,791,e8dd58b8cf03cd3396533b8f1bdf6d1e95cef632,897
torch/_dynamo/guards.py,B101,LOW,HIGH,8,26,1,5905bbe745b0acb4909243c93014c0e6f3512c2d,877,b52a8bef013f095d348c12d507854271d8d1b593,910
torch/_dynamo/guards.py,B101,LOW,HIGH,8,32,1,5905bbe745b0acb4909243c93014c0e6f3512c2d,877,b52a8bef013f095d348c12d507854271d8d1b593,910
torch/_higher_order_ops/associative_scan.py,B101,LOW,HIGH,8,9,4,6eb795c9e8959627cdd5ca8b886b7ae684e21995,15,cd5c13d8f0083201736974117c568f9a60bfef56,956
torch/export/_trace.py,B101,LOW,HIGH,4,61,1,c677f3251f46b4bffdaa7758fb7102d665b6f11b,426,3b48c7214179057fa6457e5049b20999604f8acc,959
torch/utils/cpp_extension.py,B603,LOW,HIGH,8,20,7,c0566e0dbf42f633624adb02015742509edcb444,950,268de640057625dc71d29ff3751601e73075f8c4,965
